Category,Measure Names,Forecast v Target Diff,Forecast,Sales v Target Diff,Target,Measure Values,Sales
Furniture,,,,,"$270,000",,"$215,387"
Office Supplies,,,,,"$310,000",,"$246,097"
Technology,,,,,"$280,000",,"$271,731"
Furniture,Forecast,-29%,"$190,387",-20%,"$270,000","190,387.2692","$215,387"
Furniture,Sales,-29%,"$190,387",-20%,"$270,000","215,387.2692","$215,387"
Office Supplies,Forecast,,,-21%,"$310,000",,"$246,097"
Office Supplies,Sales,,,-21%,"$310,000","246,097.175","$246,097"
Technology,Forecast,22%,"$341,731",-3%,"$280,000","341,730.811","$271,731"
Technology,Sales,22%,"$341,731",-3%,"$280,000","271,730.811","$271,731"
