# Orders Per Customer,Customer ID,Segment,Cols Shifted
1,AO-10810,Corporate,
1,AR-10570,Consumer,
1,CJ-11875,Corporate,
1,JC-15385,Consumer,
1,JR-15700,Consumer,
1,LD-16855,Corporate,
1,MG-18205,Corporate,
1,PH-18790,Home Office,
1,RE-19405,Consumer,
1,RM-19750,Consumer,
1,SM-20905,Consumer,
1,TC-21145,Corporate,
2,AS-10135,Home Office,0
2,BD-11560,Home Office,0
2,BO-11425,Consumer,0
2,BS-11800,Home Office,0
2,BT-11485,Home Office,0
2,CD-12280,Consumer,0
2,CM-11935,Consumer,0
2,CS-12460,Consumer,0
2,DK-13150,Corporate,0
2,DP-13165,Consumer,0
2,EL-13735,Home Office,0
2,GH-14485,Corporate,0
2,GH-14665,Consumer,0
2,GP-14740,Corporate,0
2,GR-14560,Corporate,0
2,HH-15010,Corporate,0
2,JJ-15760,Home Office,0
2,JR-15670,Consumer,0
2,ML-18265,Consumer,0
2,MO-17950,Consumer,0
2,MW-18235,Corporate,0
2,NB-18580,Corporate,0
2,PB-19210,Corporate,0
2,PC-19000,Home Office,0
2,PK-18910,Home Office,0
2,RB-19330,Consumer,0
2,RH-19555,Consumer,0
2,RR-19315,Consumer,0
2,RS-19870,Home Office,0
2,SC-20845,Consumer,0
2,SH-20635,Corporate,0
2,SW-20755,Corporate,0
2,TS-21085,Consumer,0
2,VT-21700,Home Office,0
3,AB-10015,Consumer,0
3,AC-10420,Corporate,0
3,AJ-10960,Consumer,1
3,BD-11635,Consumer,-1
3,BF-11080,Consumer,0
3,BF-11275,Corporate,0
3,BS-11665,Consumer,1
3,BW-11065,Consumer,-1
3,CC-12550,Consumer,0
3,CD-11980,Consumer,1
3,CG-12520,Consumer,-1
3,CH-12070,Home Office,0
3,CM-12445,Consumer,0
3,CR-12625,Home Office,0
3,CR-12820,Home Office,0
3,DF-13135,Consumer,1
3,DJ-13630,Consumer,-1
3,DM-13525,Corporate,0
3,EM-14200,Home Office,0
3,ER-13855,Corporate,0
3,FW-14395,Corporate,0
3,GM-14695,Corporate,0
3,GT-14635,Corporate,0
3,HD-14785,Home Office,0
3,IM-15055,Consumer,0
3,JB-15925,Consumer,1
3,JD-16060,Consumer,-1
3,JE-16165,Corporate,0
3,JG-15115,Consumer,0
3,JK-15325,Corporate,0
3,JK-16090,Consumer,1
3,KB-16405,Home Office,0
3,KS-16300,Corporate,0
3,LB-16735,Consumer,-1
3,LH-16750,Consumer,0
3,LS-17230,Consumer,1
3,LT-16765,Consumer,-1
3,LW-17125,Consumer,0
3,MG-17695,Consumer,1
3,ML-18040,Corporate,0
3,PB-18805,Home Office,0
3,PM-18940,Consumer,-1
3,RH-19600,Consumer,0
3,RK-19300,Consumer,1
3,SB-20170,Consumer,-1
3,SG-20080,Consumer,0
3,SG-20890,Corporate,0
3,SK-19990,Consumer,1
3,SS-20515,Home Office,0
3,SW-20350,Home Office,0
3,TM-21490,Consumer,-1
3,TT-21265,Corporate,0
3,VP-21730,Home Office,0
4,AA-10480,Consumer,-0.5
4,AB-10600,Corporate,0
4,AF-10885,Consumer,0.5
4,AG-10300,Corporate,1
4,AG-10525,Corporate,-1
4,AG-10765,Home Office,0
4,AH-10195,Corporate,0
4,AH-10585,Consumer,1.5
4,AR-10345,Corporate,1
4,AW-10840,Consumer,-1.5
4,AY-10555,Corporate,-1
4,BF-11005,Home Office,0
4,BF-11215,Home Office,0
4,BM-11140,Consumer,-0.5
4,BN-11470,Corporate,0
4,BT-11440,Consumer,0.5
4,CA-12310,Corporate,1
4,CC-12685,Consumer,1.5
4,CL-11890,Consumer,-1.5
4,CM-12115,Consumer,-0.5
4,CM-12385,Consumer,0.5
4,CM-12715,Corporate,-1
4,CR-12580,Home Office,0
4,CR-12730,Consumer,1.5
4,CS-12130,Consumer,-1.5
4,CS-12490,Corporate,0
4,DA-13450,Home Office,0
4,DB-13405,Consumer,-0.5
4,DH-13675,Home Office,0
4,DJ-13420,Corporate,1
4,DL-13330,Consumer,0.5
4,DS-13030,Home Office,0
4,EB-13975,Corporate,-1
4,EJ-13720,Consumer,1.5
4,EK-13795,Home Office,0
4,EM-14065,Consumer,-1.5
4,EM-14095,Corporate,0
4,EN-13780,Consumer,-0.5
4,FH-14350,Consumer,0.5
4,GD-14590,Corporate,1
4,GH-14425,Consumer,1.5
4,GT-14755,Consumer,-1.5
4,GZ-14545,Corporate,-1
4,HE-14800,Corporate,0
4,HM-14980,Consumer,-0.5
4,IG-15085,Consumer,0.5
4,JC-15340,Consumer,1.5
4,JH-15430,Consumer,-1.5
4,JH-16180,Consumer,-0.5
4,JS-15595,Corporate,1
4,JS-15685,Corporate,-1
4,JW-16075,Consumer,0.5
4,KC-16540,Consumer,1.5
4,KC-16675,Corporate,0
4,KW-16570,Consumer,-1.5
4,LC-16960,Home Office,0
4,LD-17005,Consumer,-0.5
4,LH-17020,Consumer,0.5
4,LP-17080,Consumer,1.5
4,MC-17635,Corporate,1
4,ME-18010,Corporate,-1
4,MG-17680,Home Office,0
4,MG-18145,Consumer,-1.5
4,MH-17440,Corporate,0
4,MH-17620,Corporate,1
4,MK-18160,Consumer,-0.5
4,MM-17260,Consumer,0.5
4,MO-17500,Consumer,1.5
4,MR-17545,Home Office,0
4,MS-17530,Consumer,-1.5
4,MS-17830,Consumer,-0.5
4,MT-18070,Home Office,0
4,MZ-17335,Home Office,0
4,NF-18475,Home Office,0
4,NL-18310,Home Office,0
4,NS-18505,Consumer,0.5
4,PB-19105,Consumer,1.5
4,PC-18745,Corporate,-1
4,PF-19120,Consumer,-1.5
4,PM-19135,Home Office,0
4,PT-19090,Consumer,-0.5
4,RB-19705,Home Office,0
4,RD-19930,Consumer,0.5
4,RP-19270,Corporate,0
4,SC-20230,Corporate,1
4,SC-20800,Consumer,1.5
4,SM-20005,Consumer,-1.5
4,SV-20815,Corporate,-1
4,TA-21385,Home Office,0
4,TB-21175,Corporate,0
4,TB-21190,Home Office,0
4,TG-21640,Consumer,-0.5
4,TH-21115,Corporate,1
4,TP-21565,Corporate,-1
4,TZ-21580,Consumer,0.5
4,VS-21820,Consumer,1.5
5,AA-10315,Consumer,-1.5
5,AB-10150,Consumer,-0.5
5,AC-10615,Corporate,-0.5
5,AC-10660,Consumer,0.5
5,AG-10270,Consumer,1.5
5,AG-10330,Consumer,2.5
5,AG-10390,Consumer,-2.5
5,AH-10465,Consumer,-1.5
5,AM-10360,Corporate,0.5
5,AR-10405,Corporate,1.5
5,AR-10510,Consumer,-0.5
5,AS-10225,Corporate,-1.5
5,BB-10990,Corporate,-0.5
5,BE-11335,Home Office,0.5
5,BE-11410,Consumer,0.5
5,BN-11515,Consumer,1.5
5,BO-11350,Corporate,0.5
5,BP-11050,Corporate,1.5
5,BP-11230,Consumer,2.5
5,BS-11365,Corporate,-1.5
5,BS-11380,Corporate,-0.5
5,BT-11305,Home Office,-0.5
5,BT-11530,Home Office,0.5
5,BV-11245,Corporate,0.5
5,CA-12055,Home Office,-0.5
5,CC-12370,Consumer,-2.5
5,CD-11920,Consumer,-1.5
5,CD-12790,Home Office,0.5
5,CK-12325,Home Office,-0.5
5,CL-12700,Home Office,0.5
5,CM-12235,Consumer,-0.5
5,Co-12640,Consumer,0.5
5,CS-11845,Corporate,1.5
5,CS-12175,Corporate,-1.5
5,CV-12295,Consumer,1.5
5,DB-12970,Corporate,-0.5
5,DB-13360,Home Office,-0.5
5,DC-13285,Consumer,2.5
5,DE-13255,Home Office,0.5
5,DG-13300,Corporate,0.5
5,DK-12895,Consumer,-2.5
5,DK-12985,Consumer,-1.5
5,Dl-13600,Corporate,1.5
5,DV-13045,Corporate,-1.5
5,DW-13480,Home Office,-0.5
5,DW-13540,Consumer,-0.5
5,EB-13840,Corporate,-0.5
5,EB-13930,Consumer,0.5
5,EC-14050,Consumer,1.5
5,EG-13900,Consumer,2.5
5,EJ-14155,Consumer,-2.5
5,EM-13810,Corporate,0.5
5,EM-13960,Consumer,-1.5
5,ES-14020,Consumer,-0.5
5,GB-14575,Consumer,0.5
5,HG-14845,Consumer,1.5
5,HJ-14875,Home Office,0.5
5,HR-14770,Home Office,-0.5
5,HZ-14950,Consumer,2.5
5,JB-16045,Home Office,0.5
5,JC-16105,Corporate,1.5
5,JD-15790,Consumer,-2.5
5,JF-15295,Consumer,-1.5
5,JJ-15445,Consumer,-0.5
5,JK-15205,Consumer,0.5
5,JL-15175,Home Office,-0.5
5,JL-15235,Consumer,1.5
5,JM-15265,Corporate,-1.5
5,JM-15580,Consumer,2.5
5,JM-15655,Corporate,-0.5
5,JO-15550,Home Office,0.5
5,JR-16210,Corporate,0.5
5,JS-15880,Consumer,-2.5
5,JS-15940,Home Office,-0.5
5,KD-16270,Consumer,-1.5
5,KD-16615,Corporate,1.5
5,KM-16660,Consumer,-0.5
5,KN-16450,Corporate,-1.5
5,KW-16435,Consumer,0.5
5,LC-17050,Consumer,1.5
5,LM-17065,Consumer,2.5
5,LO-17170,Corporate,-0.5
5,LR-17035,Corporate,0.5
5,LW-16825,Corporate,1.5
5,MC-17425,Corporate,-1.5
5,MC-18130,Corporate,-0.5
5,MD-17860,Corporate,0.5
5,MF-17665,Corporate,1.5
5,MF-18250,Corporate,-1.5
5,MG-17875,Home Office,0.5
5,MH-18025,Consumer,-2.5
5,NC-18340,Consumer,-1.5
5,NC-18625,Corporate,-0.5
5,NG-18355,Corporate,0.5
5,NG-18430,Consumer,-0.5
5,NP-18670,Consumer,0.5
5,NR-18550,Consumer,1.5
5,OT-18730,Consumer,2.5
5,PF-19225,Consumer,-2.5
5,PL-18925,Home Office,-0.5
5,PO-19195,Home Office,0.5
5,PR-18880,Consumer,-1.5
5,PV-18985,Home Office,-0.5
5,RA-19945,Consumer,-0.5
5,RB-19570,Consumer,0.5
5,RB-19645,Corporate,1.5
5,RD-19660,Home Office,0.5
5,RE-19450,Consumer,1.5
5,RH-19495,Consumer,2.5
5,RM-19675,Home Office,-0.5
5,RS-19420,Corporate,-1.5
5,RW-19690,Consumer,-2.5
5,SC-20020,Consumer,-1.5
5,SC-20575,Consumer,-0.5
5,SJ-20500,Consumer,0.5
5,SM-20320,Home Office,0.5
5,SR-20425,Home Office,-0.5
5,SS-20875,Consumer,1.5
5,TB-21055,Consumer,2.5
5,TB-21355,Corporate,-0.5
5,TB-21595,Consumer,-2.5
5,TC-20980,Corporate,0.5
5,TG-21310,Consumer,-1.5
5,TH-21100,Consumer,-0.5
5,TP-21415,Consumer,0.5
5,TR-21325,Consumer,1.5
5,TS-21340,Consumer,2.5
5,TS-21430,Corporate,1.5
5,TS-21655,Consumer,-2.5
5,VF-21715,Home Office,0.5
5,VG-21805,Corporate,-1.5
5,VM-21835,Consumer,-1.5
5,YC-21895,Corporate,-0.5
5,ZD-21925,Consumer,-0.5
6,AA-10645,Consumer,-1.5
6,AR-10540,Consumer,-0.5
6,AS-10285,Corporate,0.5
6,AT-10435,Home Office,0
6,AZ-10750,Consumer,0.5
6,BD-11500,Consumer,1.5
6,BD-11620,Consumer,2.5
6,BD-11725,Consumer,-2.5
6,BD-11770,Consumer,-1.5
6,BE-11455,Home Office,0
6,BG-11695,Corporate,-0.5
6,BG-11740,Consumer,-0.5
6,BK-11260,Consumer,0.5
6,BM-11575,Corporate,0.5
6,BP-11155,Consumer,1.5
6,BS-11590,Corporate,-0.5
6,BT-11395,Corporate,0.5
6,BW-11200,Consumer,2.5
6,CA-11965,Corporate,-0.5
6,CC-12100,Home Office,0
6,CG-12040,Home Office,0
6,CM-11815,Corporate,0.5
6,CM-12160,Consumer,-2.5
6,CM-12190,Consumer,-1.5
6,CM-12655,Home Office,0
6,CS-11860,Consumer,-0.5
6,CS-12505,Consumer,0.5
6,CW-11905,Home Office,0
6,DD-13570,Consumer,1.5
6,DH-13075,Corporate,-0.5
6,DL-12925,Consumer,2.5
6,DV-13465,Consumer,-2.5
6,DW-13195,Corporate,0.5
6,EB-14110,Consumer,-1.5
6,EB-14170,Consumer,-0.5
6,EH-13990,Consumer,0.5
6,EH-14185,Consumer,1.5
6,EM-14140,Home Office,0
6,GM-14455,Home Office,0
6,GM-14680,Consumer,2.5
6,HL-15040,Consumer,-2.5
6,JD-16015,Consumer,-1.5
6,JE-15475,Consumer,-0.5
6,JF-15355,Consumer,0.5
6,JF-15415,Consumer,1.5
6,JG-15310,Corporate,-0.5
6,JG-15805,Corporate,0.5
6,JH-15820,Consumer,2.5
6,JH-15985,Consumer,-2.5
6,JL-15130,Consumer,-1.5
6,JL-15505,Consumer,-0.5
6,JL-15850,Consumer,0.5
6,JM-15250,Consumer,1.5
6,JO-15280,Consumer,2.5
6,JS-16030,Consumer,-2.5
6,JW-15220,Corporate,-0.5
6,KC-16255,Corporate,0.5
6,KD-16345,Consumer,-1.5
6,KH-16360,Consumer,-0.5
6,KM-16225,Corporate,-0.5
6,LE-16810,Consumer,0.5
6,LL-16840,Consumer,1.5
6,LR-16915,Consumer,2.5
6,LS-16945,Corporate,0.5
6,LS-17200,Corporate,-0.5
6,LS-17245,Consumer,-2.5
6,LW-16990,Corporate,0.5
6,MA-17995,Home Office,0
6,MC-17590,Corporate,-0.5
6,MH-17290,Home Office,0
6,ML-17410,Consumer,-1.5
6,MN-17935,Consumer,-0.5
6,MS-17710,Consumer,0.5
6,MS-17980,Corporate,0.5
6,MT-17815,Consumer,1.5
6,MZ-17515,Corporate,-0.5
6,NC-18415,Consumer,2.5
6,ND-18460,Corporate,0.5
6,NP-18325,Consumer,-2.5
6,NP-18685,Home Office,0
6,PA-19060,Home Office,0
6,PF-19165,Consumer,-1.5
6,PS-18760,Consumer,-0.5
6,RB-19360,Consumer,0.5
6,RC-19825,Consumer,1.5
6,RC-19960,Consumer,2.5
6,RH-19510,Home Office,0
6,RM-19375,Consumer,-2.5
6,RR-19525,Corporate,-0.5
6,SB-20185,Consumer,-1.5
6,SC-20680,Home Office,0
6,SG-20605,Consumer,-0.5
6,SJ-20215,Consumer,0.5
6,SN-20560,Home Office,0
6,SO-20335,Consumer,1.5
6,SP-20545,Corporate,0.5
6,SP-20920,Consumer,2.5
6,SS-20410,Consumer,-2.5
6,SS-20590,Consumer,-1.5
6,SW-20275,Consumer,-0.5
6,TB-21280,Consumer,0.5
6,TS-21160,Corporate,-0.5
6,TS-21370,Corporate,0.5
6,TS-21505,Consumer,1.5
6,VB-21745,Corporate,-0.5
6,VD-21670,Consumer,2.5
6,VG-21790,Consumer,-2.5
7,AC-10450,Consumer,-1.5
7,AF-10870,Consumer,-0.5
7,AG-10675,Consumer,0.5
7,AH-10030,Corporate,0.5
7,AH-10120,Home Office,0.5
7,AJ-10780,Corporate,-0.5
7,AJ-10795,Corporate,0.5
7,AJ-10945,Consumer,1.5
7,AS-10045,Corporate,-0.5
7,AS-10240,Consumer,2.5
7,AS-10630,Home Office,-0.5
7,AW-10930,Home Office,0.5
7,BD-11605,Consumer,-2.5
7,BF-10975,Corporate,0.5
7,BP-11290,Consumer,-1.5
7,BS-11755,Consumer,-0.5
7,BT-11680,Consumer,0.5
7,CA-12775,Consumer,1.5
7,CC-12145,Consumer,2.5
7,CC-12610,Corporate,-0.5
7,CC-12670,Consumer,-2.5
7,DB-13060,Consumer,-1.5
7,DB-13120,Corporate,0.5
7,DB-13555,Corporate,-0.5
7,DB-13615,Consumer,-0.5
7,DB-13660,Consumer,0.5
7,DK-13090,Consumer,1.5
7,DM-12955,Corporate,0.5
7,DM-13015,Consumer,2.5
7,DN-13690,Consumer,-2.5
7,DO-13645,Consumer,-1.5
7,DW-13585,Corporate,-0.5
7,EH-14005,Home Office,-0.5
7,FA-14230,Corporate,0.5
7,FC-14245,Home Office,0.5
7,FC-14335,Corporate,-0.5
7,FG-14260,Home Office,-0.5
7,GM-14440,Consumer,-0.5
7,GW-14605,Consumer,0.5
7,HA-14905,Consumer,1.5
7,HF-14995,Consumer,2.5
7,HG-15025,Consumer,-2.5
7,HP-14815,Home Office,0.5
7,HR-14830,Corporate,0.5
7,IL-15100,Consumer,-1.5
7,IM-15070,Consumer,-0.5
7,JB-16000,Consumer,0.5
7,JE-15610,Corporate,-0.5
7,JF-15190,Consumer,1.5
7,JH-15910,Consumer,2.5
7,JK-15625,Consumer,-2.5
7,JM-15535,Consumer,-1.5
7,JM-15865,Consumer,-0.5
7,JP-15460,Corporate,0.5
7,JP-15520,Consumer,0.5
7,JW-15955,Consumer,1.5
7,KA-16525,Consumer,2.5
7,KB-16240,Corporate,-0.5
7,KB-16600,Corporate,0.5
7,KF-16285,Home Office,-0.5
7,KH-16510,Consumer,-2.5
7,KH-16690,Corporate,-0.5
7,KT-16465,Consumer,-1.5
7,LF-17185,Consumer,-0.5
7,LP-17095,Consumer,0.5
7,LW-17215,Consumer,1.5
7,MB-18085,Consumer,2.5
7,MC-17845,Consumer,-2.5
7,MD-17350,Consumer,-1.5
7,MG-17650,Home Office,0.5
7,MH-17785,Corporate,0.5
7,MJ-17740,Consumer,-0.5
7,ML-17755,Home Office,-0.5
7,MP-17470,Home Office,0.5
7,MV-18190,Consumer,0.5
7,MW-18220,Consumer,1.5
7,MY-17380,Corporate,-0.5
7,NC-18535,Corporate,0.5
7,NF-18385,Consumer,2.5
7,NF-18595,Home Office,-0.5
7,NH-18610,Corporate,-0.5
7,NK-18490,Home Office,0.5
7,NM-18445,Home Office,-0.5
7,NP-18700,Consumer,-2.5
7,NW-18400,Consumer,-1.5
7,PJ-19015,Consumer,-0.5
7,PO-18865,Consumer,0.5
7,PS-19045,Home Office,0.5
7,PW-19240,Consumer,1.5
7,RA-19885,Corporate,0.5
7,RF-19735,Consumer,2.5
7,RO-19780,Consumer,-2.5
7,RW-19540,Corporate,-0.5
7,SB-20290,Corporate,0.5
7,SC-20305,Consumer,-1.5
7,SC-20440,Corporate,-0.5
7,SC-20770,Corporate,0.5
7,SF-20065,Consumer,-0.5
7,SL-20155,Home Office,-0.5
7,SN-20710,Home Office,0.5
7,ST-20530,Consumer,0.5
7,SU-20665,Home Office,-0.5
7,SW-20245,Consumer,1.5
7,SW-20455,Consumer,2.5
7,TB-21250,Consumer,-2.5
7,TB-21400,Consumer,-1.5
7,TC-21535,Home Office,0.5
7,TH-21550,Home Office,-0.5
7,TN-21040,Home Office,0.5
7,TS-21205,Corporate,-0.5
7,TS-21610,Consumer,-0.5
7,TT-21070,Consumer,0.5
7,TT-21460,Home Office,-0.5
7,TW-21025,Home Office,0.5
7,VM-21685,Home Office,-0.5
7,VP-21760,Corporate,0.5
8,AB-10060,Home Office,0
8,AB-10165,Consumer,0
8,AD-10180,Home Office,0
8,AG-10495,Corporate,0
8,AM-10705,Consumer,1
8,AP-10720,Home Office,0
8,AR-10825,Corporate,1
8,BF-11020,Corporate,-1
8,BG-11035,Consumer,-1
8,BH-11710,Consumer,0
8,BW-11110,Corporate,0
8,CB-12415,Consumer,1
8,CB-12535,Corporate,1
8,CJ-12010,Consumer,-1
8,CP-12085,Corporate,-1
8,CP-12340,Corporate,0
8,CT-11995,Consumer,0
8,CY-12745,Corporate,1
8,DB-12910,Home Office,0
8,DB-13270,Home Office,0
8,DJ-13510,Corporate,-1
8,DK-13375,Consumer,1
8,DL-12865,Consumer,-1
8,DL-13315,Consumer,0
8,DL-13495,Corporate,0
8,DM-13345,Corporate,1
8,DP-13105,Corporate,-1
8,DR-12940,Home Office,0
8,ED-13885,Home Office,0
8,EH-13945,Consumer,1
8,EM-13825,Corporate,0
8,FH-14365,Corporate,1
8,FP-14320,Consumer,-1
8,GA-14515,Consumer,0
8,HA-14920,Consumer,1
8,HK-14890,Corporate,-1
8,HW-14935,Corporate,0
8,JA-15970,Consumer,-1
8,JD-16150,Corporate,1
8,JF-15565,Consumer,0
8,JK-15370,Consumer,1
8,KE-16420,Corporate,-1
8,KH-16330,Corporate,0
8,KL-16555,Corporate,1
8,KM-16375,Home Office,0
8,KM-16720,Consumer,-1
8,KN-16705,Home Office,0
8,LB-16795,Home Office,0
8,LC-16870,Consumer,0
8,LC-16930,Corporate,-1
8,LT-17110,Consumer,1
8,MC-17275,Consumer,-1
8,MC-17575,Consumer,0
8,MC-17605,Corporate,0
8,ME-17725,Consumer,1
8,MH-17455,Consumer,-1
8,MK-17905,Corporate,1
8,MM-18055,Consumer,0
8,MO-17800,Home Office,0
8,PB-19150,Consumer,1
8,PJ-18835,Corporate,-1
8,PN-18775,Home Office,0
8,PS-18970,Home Office,0
8,RB-19435,Consumer,-1
8,RB-19795,Home Office,0
8,RD-19480,Consumer,0
8,RD-19810,Home Office,0
8,RF-19345,Corporate,0
8,RF-19840,Consumer,1
8,RL-19615,Consumer,-1
8,RP-19855,Corporate,1
8,RS-19765,Corporate,-1
8,SC-20260,Corporate,0
8,SG-20470,Consumer,0
8,SR-20740,Home Office,0
8,SS-20140,Corporate,1
8,SV-20935,Consumer,1
8,TC-21295,Consumer,-1
8,TH-21235,Corporate,-1
8,TM-21010,Consumer,0
8,TT-21220,Consumer,1
8,YS-21880,Corporate,0
9,AA-10375,Consumer,0
9,AB-10255,Home Office,0
9,AH-10210,Consumer,1
9,AS-10090,Consumer,-1
9,BB-11545,Corporate,0.5
9,BC-11125,Home Office,0
9,BP-11185,Corporate,-0.5
9,CA-12265,Consumer,0
9,CC-12475,Consumer,1
9,CK-12760,Corporate,0.5
9,CS-12400,Home Office,0
9,CV-12805,Corporate,-0.5
9,DC-12850,Consumer,-1
9,DK-13225,Corporate,0.5
9,DO-13435,Consumer,0
9,DP-13000,Consumer,1
9,DP-13390,Home Office,0
9,DR-12880,Corporate,-0.5
9,DS-13180,Corporate,0.5
9,EB-13705,Corporate,-0.5
9,ES-14080,Corporate,0.5
9,FM-14290,Home Office,0
9,FM-14380,Consumer,-1
9,GG-14650,Corporate,-0.5
9,GH-14410,Home Office,0
9,GK-14620,Corporate,0.5
9,GZ-14470,Consumer,0
9,JC-15775,Consumer,1
9,JK-15640,Home Office,0
9,JO-15145,Corporate,-0.5
9,JP-16135,Home Office,0
9,KB-16315,Consumer,-1
9,KH-16630,Corporate,0.5
9,KN-16390,Corporate,-0.5
9,LC-17140,Consumer,0
9,LH-16900,Consumer,1
9,LH-17155,Consumer,-1
9,LS-16975,Home Office,0
9,MG-17890,Home Office,0
9,MH-18115,Home Office,0
9,ML-17395,Corporate,0.5
9,MM-18280,Corporate,-0.5
9,MP-17965,Corporate,0.5
9,MP-18175,Home Office,0
9,MS-17770,Consumer,0
9,MV-17485,Consumer,1
9,NB-18655,Corporate,-0.5
9,ND-18370,Consumer,-1
9,NZ-18565,Home Office,0
9,ON-18715,Corporate,0.5
9,PG-18895,Consumer,0
9,PO-19180,Home Office,0
9,QJ-19255,Corporate,-0.5
9,RA-19285,Consumer,1
9,RA-19915,Consumer,-1
9,RD-19900,Consumer,0
9,RW-19630,Corporate,0.5
9,SC-20050,Home Office,0
9,SC-20095,Consumer,1
9,SC-20380,Consumer,-1
9,SD-20485,Home Office,0
9,SF-20200,Consumer,0
9,SF-20965,Corporate,-0.5
9,SP-20620,Corporate,0.5
9,SP-20650,Corporate,-0.5
9,SV-20785,Consumer,1
9,TB-21520,Consumer,-1
9,TB-21625,Consumer,0
9,TC-21475,Home Office,0
9,TD-20995,Consumer,1
9,TP-21130,Consumer,-1
10,AB-10105,Consumer,0.5
10,AG-10900,Consumer,-0.5
10,AH-10075,Corporate,0
10,AI-10855,Consumer,0.5
10,AP-10915,Consumer,-0.5
10,AT-10735,Consumer,0.5
10,BM-11785,Consumer,-0.5
10,CB-12025,Consumer,0.5
10,CC-12430,Home Office,
10,DB-13210,Consumer,-0.5
10,EB-13750,Corporate,0
10,EB-13870,Consumer,0.5
10,EH-14125,Home Office,
10,FH-14275,Corporate,0
10,FM-14215,Corporate,0
10,FO-14305,Consumer,-0.5
10,GM-14500,Consumer,0.5
10,HM-14860,Corporate,0
10,JB-15400,Corporate,0
10,JE-15715,Consumer,-0.5
10,JK-15730,Consumer,0.5
10,JK-16120,Home Office,
10,JM-16195,Consumer,-0.5
10,KT-16480,Consumer,0.5
10,MB-17305,Consumer,-0.5
10,MC-18100,Consumer,0.5
10,ME-17320,Home Office,
10,MS-17365,Consumer,-0.5
10,NM-18520,Consumer,0.5
10,PP-18955,Home Office,
10,PW-19030,Corporate,0
10,RD-19585,Consumer,-0.5
10,RD-19720,Consumer,0.5
10,SA-20830,Consumer,-0.5
10,SC-20695,Corporate,0
10,SH-20395,Consumer,0.5
10,SP-20860,Corporate,0
10,SV-20365,Consumer,-0.5
10,VW-21775,Corporate,0
11,BF-11170,Home Office,
11,BM-11650,Corporate,
11,CK-12595,Consumer,0
11,CS-11950,Consumer,0
11,CS-12355,Consumer,0
11,Dp-13240,Home Office,
11,GA-14725,Consumer,0
11,GB-14530,Corporate,
11,GT-14710,Consumer,0
11,JD-15895,Corporate,
11,JF-15490,Consumer,0
11,JG-15160,Consumer,0
11,JL-15835,Consumer,0
11,LA-16780,Corporate,
11,MA-17560,Home Office,
11,MM-17920,Consumer,0
11,MY-18295,Corporate,
11,PO-18850,Consumer,0
11,SC-20725,Consumer,0
11,SE-20110,Consumer,0
11,SZ-20035,Home Office,
11,WB-21850,Consumer,0
11,XP-21865,Consumer,0
12,AH-10690,Corporate,
12,BD-11320,Consumer,
12,BP-11095,Corporate,
12,CC-12220,Consumer,
12,CL-12565,Consumer,
12,CS-12250,Corporate,
12,DK-12835,Corporate,
12,EH-13765,Corporate,
12,HG-14965,Corporate,
12,KB-16585,Corporate,
12,KD-16495,Corporate,
12,KL-16645,Consumer,
12,LC-16885,Consumer,
12,PK-19075,Consumer,
12,RB-19465,Home Office,
12,RP-19390,Consumer,
12,SJ-20125,Home Office,
12,SM-20950,Corporate,
13,CK-12205,Consumer,
13,EA-14035,Corporate,
13,JE-15745,Consumer,
13,NS-18640,Corporate,
13,PG-18820,Consumer,
13,SH-19975,Corporate,
13,ZC-21910,Consumer,
17,EP-13915,Consumer,
