# Orders Per Customer,Customer ID,Segment,# Customers per Order Count,Cols Shifted,Cols,Index,Marks to Plot
1,AO-10810,Corporate,5,0,0,1,1
1,AR-10570,Consumer,6,0,0,1,1
1,CJ-11875,Corporate,5,0,0,2,1
1,JC-15385,Consumer,6,0,0,2,1
1,JR-15700,Consumer,6,0,0,3,1
1,LD-16855,Corporate,5,0,0,3,1
1,MG-18205,Corporate,5,0,0,4,1
1,PH-18790,Home Office,1,,,1,0
1,RE-19405,Consumer,6,0,0,4,1
1,RM-19750,Consumer,6,0,0,5,1
1,SM-20905,Consumer,6,0,0,6,1
1,TC-21145,Corporate,5,0,0,5,1
2,AS-10135,Home Office,10,0.5,1,1,2
2,BD-11560,Home Office,10,-0.5,0,2,2
2,BO-11425,Consumer,14,0.5,1,1,2
2,BS-11800,Home Office,10,0.5,1,3,2
2,BT-11485,Home Office,10,-0.5,0,4,2
2,CD-12280,Consumer,14,-0.5,0,2,2
2,CM-11935,Consumer,14,0.5,1,3,2
2,CS-12460,Consumer,14,-0.5,0,4,2
2,DK-13150,Corporate,10,0.5,1,1,2
2,DP-13165,Consumer,14,0.5,1,5,2
2,EL-13735,Home Office,10,0.5,1,5,2
2,GH-14485,Corporate,10,-0.5,0,2,2
2,GH-14665,Consumer,14,-0.5,0,6,2
2,GP-14740,Corporate,10,0.5,1,3,2
2,GR-14560,Corporate,10,-0.5,0,4,2
2,HH-15010,Corporate,10,0.5,1,5,2
2,JJ-15760,Home Office,10,-0.5,0,6,2
2,JR-15670,Consumer,14,0.5,1,7,2
2,ML-18265,Consumer,14,-0.5,0,8,2
2,MO-17950,Consumer,14,0.5,1,9,2
2,MW-18235,Corporate,10,-0.5,0,6,2
2,NB-18580,Corporate,10,0.5,1,7,2
2,PB-19210,Corporate,10,-0.5,0,8,2
2,PC-19000,Home Office,10,0.5,1,7,2
2,PK-18910,Home Office,10,-0.5,0,8,2
2,RB-19330,Consumer,14,-0.5,0,10,2
2,RH-19555,Consumer,14,0.5,1,11,2
2,RR-19315,Consumer,14,-0.5,0,12,2
2,RS-19870,Home Office,10,0.5,1,9,2
2,SC-20845,Consumer,14,0.5,1,13,2
2,SH-20635,Corporate,10,0.5,1,9,2
2,SW-20755,Corporate,10,-0.5,0,10,2
2,TS-21085,Consumer,14,-0.5,0,14,2
2,VT-21700,Home Office,10,-0.5,0,10,2
3,AB-10015,Consumer,30,-1.5,1,1,6
3,AC-10420,Corporate,13,0.5,1,1,2
3,AJ-10960,Consumer,30,-0.5,2,2,6
3,BD-11635,Consumer,30,0.5,3,3,6
3,BF-11080,Consumer,30,1.5,4,4,6
3,BF-11275,Corporate,13,-0.5,0,2,2
3,BS-11665,Consumer,30,2.5,5,5,6
3,BW-11065,Consumer,30,-2.5,0,6,6
3,CC-12550,Consumer,30,-1.5,1,7,6
3,CD-11980,Consumer,30,-0.5,2,8,6
3,CG-12520,Consumer,30,0.5,3,9,6
3,CH-12070,Home Office,10,0.5,1,1,2
3,CM-12445,Consumer,30,1.5,4,10,6
3,CR-12625,Home Office,10,-0.5,0,2,2
3,CR-12820,Home Office,10,0.5,1,3,2
3,DF-13135,Consumer,30,2.5,5,11,6
3,DJ-13630,Consumer,30,-2.5,0,12,6
3,DM-13525,Corporate,13,0.5,1,3,2
3,EM-14200,Home Office,10,-0.5,0,4,2
3,ER-13855,Corporate,13,-0.5,0,4,2
3,FW-14395,Corporate,13,0.5,1,5,2
3,GM-14695,Corporate,13,-0.5,0,6,2
3,GT-14635,Corporate,13,0.5,1,7,2
3,HD-14785,Home Office,10,0.5,1,5,2
3,IM-15055,Consumer,30,-1.5,1,13,6
3,JB-15925,Consumer,30,-0.5,2,14,6
3,JD-16060,Consumer,30,0.5,3,15,6
3,JE-16165,Corporate,13,-0.5,0,8,2
3,JG-15115,Consumer,30,1.5,4,16,6
3,JK-15325,Corporate,13,0.5,1,9,2
3,JK-16090,Consumer,30,2.5,5,17,6
3,KB-16405,Home Office,10,-0.5,0,6,2
3,KS-16300,Corporate,13,-0.5,0,10,2
3,LB-16735,Consumer,30,-2.5,0,18,6
3,LH-16750,Consumer,30,-1.5,1,19,6
3,LS-17230,Consumer,30,-0.5,2,20,6
3,LT-16765,Consumer,30,0.5,3,21,6
3,LW-17125,Consumer,30,1.5,4,22,6
3,MG-17695,Consumer,30,2.5,5,23,6
3,ML-18040,Corporate,13,0.5,1,11,2
3,PB-18805,Home Office,10,0.5,1,7,2
3,PM-18940,Consumer,30,-2.5,0,24,6
3,RH-19600,Consumer,30,-1.5,1,25,6
3,RK-19300,Consumer,30,-0.5,2,26,6
3,SB-20170,Consumer,30,0.5,3,27,6
3,SG-20080,Consumer,30,1.5,4,28,6
3,SG-20890,Corporate,13,-0.5,0,12,2
3,SK-19990,Consumer,30,2.5,5,29,6
3,SS-20515,Home Office,10,-0.5,0,8,2
3,SW-20350,Home Office,10,0.5,1,9,2
3,TM-21490,Consumer,30,-2.5,0,30,6
3,TT-21265,Corporate,13,0.5,1,13,2
3,VP-21730,Home Office,10,-0.5,0,10,2
4,AA-10480,Consumer,47,-3,1,1,9
4,AB-10600,Corporate,30,-1.5,1,1,6
4,AF-10885,Consumer,47,-2,2,2,9
4,AG-10300,Corporate,30,-0.5,2,2,6
4,AG-10525,Corporate,30,0.5,3,3,6
4,AG-10765,Home Office,19,0,1,1,3
4,AH-10195,Corporate,30,1.5,4,4,6
4,AH-10585,Consumer,47,-1,3,3,9
4,AR-10345,Corporate,30,2.5,5,5,6
4,AW-10840,Consumer,47,0,4,4,9
4,AY-10555,Corporate,30,-2.5,0,6,6
4,BF-11005,Home Office,19,1,2,2,3
4,BF-11215,Home Office,19,-1,0,3,3
4,BM-11140,Consumer,47,1,5,5,9
4,BN-11470,Corporate,30,-1.5,1,7,6
4,BT-11440,Consumer,47,2,6,6,9
4,CA-12310,Corporate,30,-0.5,2,8,6
4,CC-12685,Consumer,47,3,7,7,9
4,CL-11890,Consumer,47,4,8,8,9
4,CM-12115,Consumer,47,-4,0,9,9
4,CM-12385,Consumer,47,-3,1,10,9
4,CM-12715,Corporate,30,0.5,3,9,6
4,CR-12580,Home Office,19,0,1,4,3
4,CR-12730,Consumer,47,-2,2,11,9
4,CS-12130,Consumer,47,-1,3,12,9
4,CS-12490,Corporate,30,1.5,4,10,6
4,DA-13450,Home Office,19,1,2,5,3
4,DB-13405,Consumer,47,0,4,13,9
4,DH-13675,Home Office,19,-1,0,6,3
4,DJ-13420,Corporate,30,2.5,5,11,6
4,DL-13330,Consumer,47,1,5,14,9
4,DS-13030,Home Office,19,0,1,7,3
4,EB-13975,Corporate,30,-2.5,0,12,6
4,EJ-13720,Consumer,47,2,6,15,9
4,EK-13795,Home Office,19,1,2,8,3
4,EM-14065,Consumer,47,3,7,16,9
4,EM-14095,Corporate,30,-1.5,1,13,6
4,EN-13780,Consumer,47,4,8,17,9
4,FH-14350,Consumer,47,-4,0,18,9
4,GD-14590,Corporate,30,-0.5,2,14,6
4,GH-14425,Consumer,47,-3,1,19,9
4,GT-14755,Consumer,47,-2,2,20,9
4,GZ-14545,Corporate,30,0.5,3,15,6
4,HE-14800,Corporate,30,1.5,4,16,6
4,HM-14980,Consumer,47,-1,3,21,9
4,IG-15085,Consumer,47,0,4,22,9
4,JC-15340,Consumer,47,1,5,23,9
4,JH-15430,Consumer,47,2,6,24,9
4,JH-16180,Consumer,47,3,7,25,9
4,JS-15595,Corporate,30,2.5,5,17,6
4,JS-15685,Corporate,30,-2.5,0,18,6
4,JW-16075,Consumer,47,4,8,26,9
4,KC-16540,Consumer,47,-4,0,27,9
4,KC-16675,Corporate,30,-1.5,1,19,6
4,KW-16570,Consumer,47,-3,1,28,9
4,LC-16960,Home Office,19,-1,0,9,3
4,LD-17005,Consumer,47,-2,2,29,9
4,LH-17020,Consumer,47,-1,3,30,9
4,LP-17080,Consumer,47,0,4,31,9
4,MC-17635,Corporate,30,-0.5,2,20,6
4,ME-18010,Corporate,30,0.5,3,21,6
4,MG-17680,Home Office,19,0,1,10,3
4,MG-18145,Consumer,47,1,5,32,9
4,MH-17440,Corporate,30,1.5,4,22,6
4,MH-17620,Corporate,30,2.5,5,23,6
4,MK-18160,Consumer,47,2,6,33,9
4,MM-17260,Consumer,47,3,7,34,9
4,MO-17500,Consumer,47,4,8,35,9
4,MR-17545,Home Office,19,1,2,11,3
4,MS-17530,Consumer,47,-4,0,36,9
4,MS-17830,Consumer,47,-3,1,37,9
4,MT-18070,Home Office,19,-1,0,12,3
4,MZ-17335,Home Office,19,0,1,13,3
4,NF-18475,Home Office,19,1,2,14,3
4,NL-18310,Home Office,19,-1,0,15,3
4,NS-18505,Consumer,47,-2,2,38,9
4,PB-19105,Consumer,47,-1,3,39,9
4,PC-18745,Corporate,30,-2.5,0,24,6
4,PF-19120,Consumer,47,0,4,40,9
4,PM-19135,Home Office,19,0,1,16,3
4,PT-19090,Consumer,47,1,5,41,9
4,RB-19705,Home Office,19,1,2,17,3
4,RD-19930,Consumer,47,2,6,42,9
4,RP-19270,Corporate,30,-1.5,1,25,6
4,SC-20230,Corporate,30,-0.5,2,26,6
4,SC-20800,Consumer,47,3,7,43,9
4,SM-20005,Consumer,47,4,8,44,9
4,SV-20815,Corporate,30,0.5,3,27,6
4,TA-21385,Home Office,19,-1,0,18,3
4,TB-21175,Corporate,30,1.5,4,28,6
4,TB-21190,Home Office,19,0,1,19,3
4,TG-21640,Consumer,47,-4,0,45,9
4,TH-21115,Corporate,30,2.5,5,29,6
4,TP-21565,Corporate,30,-2.5,0,30,6
4,TZ-21580,Consumer,47,-3,1,46,9
4,VS-21820,Consumer,47,-2,2,47,9
5,AA-10315,Consumer,68,-5,1,1,13
5,AB-10150,Consumer,68,-4,2,2,13
5,AC-10615,Corporate,41,-2.5,1,1,8
5,AC-10660,Consumer,68,-3,3,3,13
5,AG-10270,Consumer,68,-2,4,4,13
5,AG-10330,Consumer,68,-1,5,5,13
5,AG-10390,Consumer,68,0,6,6,13
5,AH-10465,Consumer,68,1,7,7,13
5,AM-10360,Corporate,41,-1.5,2,2,8
5,AR-10405,Corporate,41,-0.5,3,3,8
5,AR-10510,Consumer,68,2,8,8,13
5,AS-10225,Corporate,41,0.5,4,4,8
5,BB-10990,Corporate,41,1.5,5,5,8
5,BE-11335,Home Office,25,-1,1,1,5
5,BE-11410,Consumer,68,3,9,9,13
5,BN-11515,Consumer,68,4,10,10,13
5,BO-11350,Corporate,41,2.5,6,6,8
5,BP-11050,Corporate,41,3.5,7,7,8
5,BP-11230,Consumer,68,5,11,11,13
5,BS-11365,Corporate,41,-3.5,0,8,8
5,BS-11380,Corporate,41,-2.5,1,9,8
5,BT-11305,Home Office,25,0,2,2,5
5,BT-11530,Home Office,25,1,3,3,5
5,BV-11245,Corporate,41,-1.5,2,10,8
5,CA-12055,Home Office,25,2,4,4,5
5,CC-12370,Consumer,68,6,12,12,13
5,CD-11920,Consumer,68,-6,0,13,13
5,CD-12790,Home Office,25,-2,0,5,5
5,CK-12325,Home Office,25,-1,1,6,5
5,CL-12700,Home Office,25,0,2,7,5
5,CM-12235,Consumer,68,-5,1,14,13
5,Co-12640,Consumer,68,-4,2,15,13
5,CS-11845,Corporate,41,-0.5,3,11,8
5,CS-12175,Corporate,41,0.5,4,12,8
5,CV-12295,Consumer,68,-3,3,16,13
5,DB-12970,Corporate,41,1.5,5,13,8
5,DB-13360,Home Office,25,1,3,8,5
5,DC-13285,Consumer,68,-2,4,17,13
5,DE-13255,Home Office,25,2,4,9,5
5,DG-13300,Corporate,41,2.5,6,14,8
5,DK-12895,Consumer,68,-1,5,18,13
5,DK-12985,Consumer,68,0,6,19,13
5,Dl-13600,Corporate,41,3.5,7,15,8
5,DV-13045,Corporate,41,-3.5,0,16,8
5,DW-13480,Home Office,25,-2,0,10,5
5,DW-13540,Consumer,68,1,7,20,13
5,EB-13840,Corporate,41,-2.5,1,17,8
5,EB-13930,Consumer,68,2,8,21,13
5,EC-14050,Consumer,68,3,9,22,13
5,EG-13900,Consumer,68,4,10,23,13
5,EJ-14155,Consumer,68,5,11,24,13
5,EM-13810,Corporate,41,-1.5,2,18,8
5,EM-13960,Consumer,68,6,12,25,13
5,ES-14020,Consumer,68,-6,0,26,13
5,GB-14575,Consumer,68,-5,1,27,13
5,HG-14845,Consumer,68,-4,2,28,13
5,HJ-14875,Home Office,25,-1,1,11,5
5,HR-14770,Home Office,25,0,2,12,5
5,HZ-14950,Consumer,68,-3,3,29,13
5,JB-16045,Home Office,25,1,3,13,5
5,JC-16105,Corporate,41,-0.5,3,19,8
5,JD-15790,Consumer,68,-2,4,30,13
5,JF-15295,Consumer,68,-1,5,31,13
5,JJ-15445,Consumer,68,0,6,32,13
5,JK-15205,Consumer,68,1,7,33,13
5,JL-15175,Home Office,25,2,4,14,5
5,JL-15235,Consumer,68,2,8,34,13
5,JM-15265,Corporate,41,0.5,4,20,8
5,JM-15580,Consumer,68,3,9,35,13
5,JM-15655,Corporate,41,1.5,5,21,8
5,JO-15550,Home Office,25,-2,0,15,5
5,JR-16210,Corporate,41,2.5,6,22,8
5,JS-15880,Consumer,68,4,10,36,13
5,JS-15940,Home Office,25,-1,1,16,5
5,KD-16270,Consumer,68,5,11,37,13
5,KD-16615,Corporate,41,3.5,7,23,8
5,KM-16660,Consumer,68,6,12,38,13
5,KN-16450,Corporate,41,-3.5,0,24,8
5,KW-16435,Consumer,68,-6,0,39,13
5,LC-17050,Consumer,68,-5,1,40,13
5,LM-17065,Consumer,68,-4,2,41,13
5,LO-17170,Corporate,41,-2.5,1,25,8
5,LR-17035,Corporate,41,-1.5,2,26,8
5,LW-16825,Corporate,41,-0.5,3,27,8
5,MC-17425,Corporate,41,0.5,4,28,8
5,MC-18130,Corporate,41,1.5,5,29,8
5,MD-17860,Corporate,41,2.5,6,30,8
5,MF-17665,Corporate,41,3.5,7,31,8
5,MF-18250,Corporate,41,-3.5,0,32,8
5,MG-17875,Home Office,25,0,2,17,5
5,MH-18025,Consumer,68,-3,3,42,13
5,NC-18340,Consumer,68,-2,4,43,13
5,NC-18625,Corporate,41,-2.5,1,33,8
5,NG-18355,Corporate,41,-1.5,2,34,8
5,NG-18430,Consumer,68,-1,5,44,13
5,NP-18670,Consumer,68,0,6,45,13
5,NR-18550,Consumer,68,1,7,46,13
5,OT-18730,Consumer,68,2,8,47,13
5,PF-19225,Consumer,68,3,9,48,13
5,PL-18925,Home Office,25,1,3,18,5
5,PO-19195,Home Office,25,2,4,19,5
5,PR-18880,Consumer,68,4,10,49,13
5,PV-18985,Home Office,25,-2,0,20,5
5,RA-19945,Consumer,68,5,11,50,13
5,RB-19570,Consumer,68,6,12,51,13
5,RB-19645,Corporate,41,-0.5,3,35,8
5,RD-19660,Home Office,25,-1,1,21,5
5,RE-19450,Consumer,68,-6,0,52,13
5,RH-19495,Consumer,68,-5,1,53,13
5,RM-19675,Home Office,25,0,2,22,5
5,RS-19420,Corporate,41,0.5,4,36,8
5,RW-19690,Consumer,68,-4,2,54,13
5,SC-20020,Consumer,68,-3,3,55,13
5,SC-20575,Consumer,68,-2,4,56,13
5,SJ-20500,Consumer,68,-1,5,57,13
5,SM-20320,Home Office,25,1,3,23,5
5,SR-20425,Home Office,25,2,4,24,5
5,SS-20875,Consumer,68,0,6,58,13
5,TB-21055,Consumer,68,1,7,59,13
5,TB-21355,Corporate,41,1.5,5,37,8
5,TB-21595,Consumer,68,2,8,60,13
5,TC-20980,Corporate,41,2.5,6,38,8
5,TG-21310,Consumer,68,3,9,61,13
5,TH-21100,Consumer,68,4,10,62,13
5,TP-21415,Consumer,68,5,11,63,13
5,TR-21325,Consumer,68,6,12,64,13
5,TS-21340,Consumer,68,-6,0,65,13
5,TS-21430,Corporate,41,3.5,7,39,8
5,TS-21655,Consumer,68,-5,1,66,13
5,VF-21715,Home Office,25,-2,0,25,5
5,VG-21805,Corporate,41,-3.5,0,40,8
5,VM-21835,Consumer,68,-4,2,67,13
5,YC-21895,Corporate,41,-2.5,1,41,8
5,ZD-21925,Consumer,68,-3,3,68,13
6,AA-10645,Consumer,66,-5,1,1,13
6,AR-10540,Consumer,66,-4,2,2,13
6,AS-10285,Corporate,26,-1,1,1,5
6,AT-10435,Home Office,15,0,1,1,3
6,AZ-10750,Consumer,66,-3,3,3,13
6,BD-11500,Consumer,66,-2,4,4,13
6,BD-11620,Consumer,66,-1,5,5,13
6,BD-11725,Consumer,66,0,6,6,13
6,BD-11770,Consumer,66,1,7,7,13
6,BE-11455,Home Office,15,1,2,2,3
6,BG-11695,Corporate,26,0,2,2,5
6,BG-11740,Consumer,66,2,8,8,13
6,BK-11260,Consumer,66,3,9,9,13
6,BM-11575,Corporate,26,1,3,3,5
6,BP-11155,Consumer,66,4,10,10,13
6,BS-11590,Corporate,26,2,4,4,5
6,BT-11395,Corporate,26,-2,0,5,5
6,BW-11200,Consumer,66,5,11,11,13
6,CA-11965,Corporate,26,-1,1,6,5
6,CC-12100,Home Office,15,-1,0,3,3
6,CG-12040,Home Office,15,0,1,4,3
6,CM-11815,Corporate,26,0,2,7,5
6,CM-12160,Consumer,66,6,12,12,13
6,CM-12190,Consumer,66,-6,0,13,13
6,CM-12655,Home Office,15,1,2,5,3
6,CS-11860,Consumer,66,-5,1,14,13
6,CS-12505,Consumer,66,-4,2,15,13
6,CW-11905,Home Office,15,-1,0,6,3
6,DD-13570,Consumer,66,-3,3,16,13
6,DH-13075,Corporate,26,1,3,8,5
6,DL-12925,Consumer,66,-2,4,17,13
6,DV-13465,Consumer,66,-1,5,18,13
6,DW-13195,Corporate,26,2,4,9,5
6,EB-14110,Consumer,66,0,6,19,13
6,EB-14170,Consumer,66,1,7,20,13
6,EH-13990,Consumer,66,2,8,21,13
6,EH-14185,Consumer,66,3,9,22,13
6,EM-14140,Home Office,15,0,1,7,3
6,GM-14455,Home Office,15,1,2,8,3
6,GM-14680,Consumer,66,4,10,23,13
6,HL-15040,Consumer,66,5,11,24,13
6,JD-16015,Consumer,66,6,12,25,13
6,JE-15475,Consumer,66,-6,0,26,13
6,JF-15355,Consumer,66,-5,1,27,13
6,JF-15415,Consumer,66,-4,2,28,13
6,JG-15310,Corporate,26,-2,0,10,5
6,JG-15805,Corporate,26,-1,1,11,5
6,JH-15820,Consumer,66,-3,3,29,13
6,JH-15985,Consumer,66,-2,4,30,13
6,JL-15130,Consumer,66,-1,5,31,13
6,JL-15505,Consumer,66,0,6,32,13
6,JL-15850,Consumer,66,1,7,33,13
6,JM-15250,Consumer,66,2,8,34,13
6,JO-15280,Consumer,66,3,9,35,13
6,JS-16030,Consumer,66,4,10,36,13
6,JW-15220,Corporate,26,0,2,12,5
6,KC-16255,Corporate,26,1,3,13,5
6,KD-16345,Consumer,66,5,11,37,13
6,KH-16360,Consumer,66,6,12,38,13
6,KM-16225,Corporate,26,2,4,14,5
6,LE-16810,Consumer,66,-6,0,39,13
6,LL-16840,Consumer,66,-5,1,40,13
6,LR-16915,Consumer,66,-4,2,41,13
6,LS-16945,Corporate,26,-2,0,15,5
6,LS-17200,Corporate,26,-1,1,16,5
6,LS-17245,Consumer,66,-3,3,42,13
6,LW-16990,Corporate,26,0,2,17,5
6,MA-17995,Home Office,15,-1,0,9,3
6,MC-17590,Corporate,26,1,3,18,5
6,MH-17290,Home Office,15,0,1,10,3
6,ML-17410,Consumer,66,-2,4,43,13
6,MN-17935,Consumer,66,-1,5,44,13
6,MS-17710,Consumer,66,0,6,45,13
6,MS-17980,Corporate,26,2,4,19,5
6,MT-17815,Consumer,66,1,7,46,13
6,MZ-17515,Corporate,26,-2,0,20,5
6,NC-18415,Consumer,66,2,8,47,13
6,ND-18460,Corporate,26,-1,1,21,5
6,NP-18325,Consumer,66,3,9,48,13
6,NP-18685,Home Office,15,1,2,11,3
6,PA-19060,Home Office,15,-1,0,12,3
6,PF-19165,Consumer,66,4,10,49,13
6,PS-18760,Consumer,66,5,11,50,13
6,RB-19360,Consumer,66,6,12,51,13
6,RC-19825,Consumer,66,-6,0,52,13
6,RC-19960,Consumer,66,-5,1,53,13
6,RH-19510,Home Office,15,0,1,13,3
6,RM-19375,Consumer,66,-4,2,54,13
6,RR-19525,Corporate,26,0,2,22,5
6,SB-20185,Consumer,66,-3,3,55,13
6,SC-20680,Home Office,15,1,2,14,3
6,SG-20605,Consumer,66,-2,4,56,13
6,SJ-20215,Consumer,66,-1,5,57,13
6,SN-20560,Home Office,15,-1,0,15,3
6,SO-20335,Consumer,66,0,6,58,13
6,SP-20545,Corporate,26,1,3,23,5
6,SP-20920,Consumer,66,1,7,59,13
6,SS-20410,Consumer,66,2,8,60,13
6,SS-20590,Consumer,66,3,9,61,13
6,SW-20275,Consumer,66,4,10,62,13
6,TB-21280,Consumer,66,5,11,63,13
6,TS-21160,Corporate,26,2,4,24,5
6,TS-21370,Corporate,26,-2,0,25,5
6,TS-21505,Consumer,66,6,12,64,13
6,VB-21745,Corporate,26,-1,1,26,5
6,VD-21670,Consumer,66,-6,0,65,13
6,VG-21790,Consumer,66,-5,1,66,13
7,AC-10450,Consumer,63,-4.5,1,1,12
7,AF-10870,Consumer,63,-3.5,2,2,12
7,AG-10675,Consumer,63,-2.5,3,3,12
7,AH-10030,Corporate,29,-1,1,1,5
7,AH-10120,Home Office,24,-0.5,1,1,4
7,AJ-10780,Corporate,29,0,2,2,5
7,AJ-10795,Corporate,29,1,3,3,5
7,AJ-10945,Consumer,63,-1.5,4,4,12
7,AS-10045,Corporate,29,2,4,4,5
7,AS-10240,Consumer,63,-0.5,5,5,12
7,AS-10630,Home Office,24,0.5,2,2,4
7,AW-10930,Home Office,24,1.5,3,3,4
7,BD-11605,Consumer,63,0.5,6,6,12
7,BF-10975,Corporate,29,-2,0,5,5
7,BP-11290,Consumer,63,1.5,7,7,12
7,BS-11755,Consumer,63,2.5,8,8,12
7,BT-11680,Consumer,63,3.5,9,9,12
7,CA-12775,Consumer,63,4.5,10,10,12
7,CC-12145,Consumer,63,5.5,11,11,12
7,CC-12610,Corporate,29,-1,1,6,5
7,CC-12670,Consumer,63,-5.5,0,12,12
7,DB-13060,Consumer,63,-4.5,1,13,12
7,DB-13120,Corporate,29,0,2,7,5
7,DB-13555,Corporate,29,1,3,8,5
7,DB-13615,Consumer,63,-3.5,2,14,12
7,DB-13660,Consumer,63,-2.5,3,15,12
7,DK-13090,Consumer,63,-1.5,4,16,12
7,DM-12955,Corporate,29,2,4,9,5
7,DM-13015,Consumer,63,-0.5,5,17,12
7,DN-13690,Consumer,63,0.5,6,18,12
7,DO-13645,Consumer,63,1.5,7,19,12
7,DW-13585,Corporate,29,-2,0,10,5
7,EH-14005,Home Office,24,-1.5,0,4,4
7,FA-14230,Corporate,29,-1,1,11,5
7,FC-14245,Home Office,24,-0.5,1,5,4
7,FC-14335,Corporate,29,0,2,12,5
7,FG-14260,Home Office,24,0.5,2,6,4
7,GM-14440,Consumer,63,2.5,8,20,12
7,GW-14605,Consumer,63,3.5,9,21,12
7,HA-14905,Consumer,63,4.5,10,22,12
7,HF-14995,Consumer,63,5.5,11,23,12
7,HG-15025,Consumer,63,-5.5,0,24,12
7,HP-14815,Home Office,24,1.5,3,7,4
7,HR-14830,Corporate,29,1,3,13,5
7,IL-15100,Consumer,63,-4.5,1,25,12
7,IM-15070,Consumer,63,-3.5,2,26,12
7,JB-16000,Consumer,63,-2.5,3,27,12
7,JE-15610,Corporate,29,2,4,14,5
7,JF-15190,Consumer,63,-1.5,4,28,12
7,JH-15910,Consumer,63,-0.5,5,29,12
7,JK-15625,Consumer,63,0.5,6,30,12
7,JM-15535,Consumer,63,1.5,7,31,12
7,JM-15865,Consumer,63,2.5,8,32,12
7,JP-15460,Corporate,29,-2,0,15,5
7,JP-15520,Consumer,63,3.5,9,33,12
7,JW-15955,Consumer,63,4.5,10,34,12
7,KA-16525,Consumer,63,5.5,11,35,12
7,KB-16240,Corporate,29,-1,1,16,5
7,KB-16600,Corporate,29,0,2,17,5
7,KF-16285,Home Office,24,-1.5,0,8,4
7,KH-16510,Consumer,63,-5.5,0,36,12
7,KH-16690,Corporate,29,1,3,18,5
7,KT-16465,Consumer,63,-4.5,1,37,12
7,LF-17185,Consumer,63,-3.5,2,38,12
7,LP-17095,Consumer,63,-2.5,3,39,12
7,LW-17215,Consumer,63,-1.5,4,40,12
7,MB-18085,Consumer,63,-0.5,5,41,12
7,MC-17845,Consumer,63,0.5,6,42,12
7,MD-17350,Consumer,63,1.5,7,43,12
7,MG-17650,Home Office,24,-0.5,1,9,4
7,MH-17785,Corporate,29,2,4,19,5
7,MJ-17740,Consumer,63,2.5,8,44,12
7,ML-17755,Home Office,24,0.5,2,10,4
7,MP-17470,Home Office,24,1.5,3,11,4
7,MV-18190,Consumer,63,3.5,9,45,12
7,MW-18220,Consumer,63,4.5,10,46,12
7,MY-17380,Corporate,29,-2,0,20,5
7,NC-18535,Corporate,29,-1,1,21,5
7,NF-18385,Consumer,63,5.5,11,47,12
7,NF-18595,Home Office,24,-1.5,0,12,4
7,NH-18610,Corporate,29,0,2,22,5
7,NK-18490,Home Office,24,-0.5,1,13,4
7,NM-18445,Home Office,24,0.5,2,14,4
7,NP-18700,Consumer,63,-5.5,0,48,12
7,NW-18400,Consumer,63,-4.5,1,49,12
7,PJ-19015,Consumer,63,-3.5,2,50,12
7,PO-18865,Consumer,63,-2.5,3,51,12
7,PS-19045,Home Office,24,1.5,3,15,4
7,PW-19240,Consumer,63,-1.5,4,52,12
7,RA-19885,Corporate,29,1,3,23,5
7,RF-19735,Consumer,63,-0.5,5,53,12
7,RO-19780,Consumer,63,0.5,6,54,12
7,RW-19540,Corporate,29,2,4,24,5
7,SB-20290,Corporate,29,-2,0,25,5
7,SC-20305,Consumer,63,1.5,7,55,12
7,SC-20440,Corporate,29,-1,1,26,5
7,SC-20770,Corporate,29,0,2,27,5
7,SF-20065,Consumer,63,2.5,8,56,12
7,SL-20155,Home Office,24,-1.5,0,16,4
7,SN-20710,Home Office,24,-0.5,1,17,4
7,ST-20530,Consumer,63,3.5,9,57,12
7,SU-20665,Home Office,24,0.5,2,18,4
7,SW-20245,Consumer,63,4.5,10,58,12
7,SW-20455,Consumer,63,5.5,11,59,12
7,TB-21250,Consumer,63,-5.5,0,60,12
7,TB-21400,Consumer,63,-4.5,1,61,12
7,TC-21535,Home Office,24,1.5,3,19,4
7,TH-21550,Home Office,24,-1.5,0,20,4
7,TN-21040,Home Office,24,-0.5,1,21,4
7,TS-21205,Corporate,29,1,3,28,5
7,TS-21610,Consumer,63,-3.5,2,62,12
7,TT-21070,Consumer,63,-2.5,3,63,12
7,TT-21460,Home Office,24,0.5,2,22,4
7,TW-21025,Home Office,24,1.5,3,23,4
7,VM-21685,Home Office,24,-1.5,0,24,4
7,VP-21760,Corporate,29,2,4,29,5
8,AB-10060,Home Office,16,0,1,1,3
8,AB-10165,Consumer,35,-2,1,1,7
8,AD-10180,Home Office,16,1,2,2,3
8,AG-10495,Corporate,31,-1.5,1,1,6
8,AM-10705,Consumer,35,-1,2,2,7
8,AP-10720,Home Office,16,-1,0,3,3
8,AR-10825,Corporate,31,-0.5,2,2,6
8,BF-11020,Corporate,31,0.5,3,3,6
8,BG-11035,Consumer,35,0,3,3,7
8,BH-11710,Consumer,35,1,4,4,7
8,BW-11110,Corporate,31,1.5,4,4,6
8,CB-12415,Consumer,35,2,5,5,7
8,CB-12535,Corporate,31,2.5,5,5,6
8,CJ-12010,Consumer,35,3,6,6,7
8,CP-12085,Corporate,31,-2.5,0,6,6
8,CP-12340,Corporate,31,-1.5,1,7,6
8,CT-11995,Consumer,35,-3,0,7,7
8,CY-12745,Corporate,31,-0.5,2,8,6
8,DB-12910,Home Office,16,0,1,4,3
8,DB-13270,Home Office,16,1,2,5,3
8,DJ-13510,Corporate,31,0.5,3,9,6
8,DK-13375,Consumer,35,-2,1,8,7
8,DL-12865,Consumer,35,-1,2,9,7
8,DL-13315,Consumer,35,0,3,10,7
8,DL-13495,Corporate,31,1.5,4,10,6
8,DM-13345,Corporate,31,2.5,5,11,6
8,DP-13105,Corporate,31,-2.5,0,12,6
8,DR-12940,Home Office,16,-1,0,6,3
8,ED-13885,Home Office,16,0,1,7,3
8,EH-13945,Consumer,35,1,4,11,7
8,EM-13825,Corporate,31,-1.5,1,13,6
8,FH-14365,Corporate,31,-0.5,2,14,6
8,FP-14320,Consumer,35,2,5,12,7
8,GA-14515,Consumer,35,3,6,13,7
8,HA-14920,Consumer,35,-3,0,14,7
8,HK-14890,Corporate,31,0.5,3,15,6
8,HW-14935,Corporate,31,1.5,4,16,6
8,JA-15970,Consumer,35,-2,1,15,7
8,JD-16150,Corporate,31,2.5,5,17,6
8,JF-15565,Consumer,35,-1,2,16,7
8,JK-15370,Consumer,35,0,3,17,7
8,KE-16420,Corporate,31,-2.5,0,18,6
8,KH-16330,Corporate,31,-1.5,1,19,6
8,KL-16555,Corporate,31,-0.5,2,20,6
8,KM-16375,Home Office,16,1,2,8,3
8,KM-16720,Consumer,35,1,4,18,7
8,KN-16705,Home Office,16,-1,0,9,3
8,LB-16795,Home Office,16,0,1,10,3
8,LC-16870,Consumer,35,2,5,19,7
8,LC-16930,Corporate,31,0.5,3,21,6
8,LT-17110,Consumer,35,3,6,20,7
8,MC-17275,Consumer,35,-3,0,21,7
8,MC-17575,Consumer,35,-2,1,22,7
8,MC-17605,Corporate,31,1.5,4,22,6
8,ME-17725,Consumer,35,-1,2,23,7
8,MH-17455,Consumer,35,0,3,24,7
8,MK-17905,Corporate,31,2.5,5,23,6
8,MM-18055,Consumer,35,1,4,25,7
8,MO-17800,Home Office,16,1,2,11,3
8,PB-19150,Consumer,35,2,5,26,7
8,PJ-18835,Corporate,31,-2.5,0,24,6
8,PN-18775,Home Office,16,-1,0,12,3
8,PS-18970,Home Office,16,0,1,13,3
8,RB-19435,Consumer,35,3,6,27,7
8,RB-19795,Home Office,16,1,2,14,3
8,RD-19480,Consumer,35,-3,0,28,7
8,RD-19810,Home Office,16,-1,0,15,3
8,RF-19345,Corporate,31,-1.5,1,25,6
8,RF-19840,Consumer,35,-2,1,29,7
8,RL-19615,Consumer,35,-1,2,30,7
8,RP-19855,Corporate,31,-0.5,2,26,6
8,RS-19765,Corporate,31,0.5,3,27,6
8,SC-20260,Corporate,31,1.5,4,28,6
8,SG-20470,Consumer,35,0,3,31,7
8,SR-20740,Home Office,16,0,1,16,3
8,SS-20140,Corporate,31,2.5,5,29,6
8,SV-20935,Consumer,35,1,4,32,7
8,TC-21295,Consumer,35,2,5,33,7
8,TH-21235,Corporate,31,-2.5,0,30,6
8,TM-21010,Consumer,35,3,6,34,7
8,TT-21220,Consumer,35,-3,0,35,7
8,YS-21880,Corporate,31,-1.5,1,31,6
9,AA-10375,Consumer,30,-1.5,1,1,6
9,AB-10255,Home Office,17,0,1,1,3
9,AH-10210,Consumer,30,-0.5,2,2,6
9,AS-10090,Consumer,30,0.5,3,3,6
9,BB-11545,Corporate,24,-0.5,1,1,4
9,BC-11125,Home Office,17,1,2,2,3
9,BP-11185,Corporate,24,0.5,2,2,4
9,CA-12265,Consumer,30,1.5,4,4,6
9,CC-12475,Consumer,30,2.5,5,5,6
9,CK-12760,Corporate,24,1.5,3,3,4
9,CS-12400,Home Office,17,-1,0,3,3
9,CV-12805,Corporate,24,-1.5,0,4,4
9,DC-12850,Consumer,30,-2.5,0,6,6
9,DK-13225,Corporate,24,-0.5,1,5,4
9,DO-13435,Consumer,30,-1.5,1,7,6
9,DP-13000,Consumer,30,-0.5,2,8,6
9,DP-13390,Home Office,17,0,1,4,3
9,DR-12880,Corporate,24,0.5,2,6,4
9,DS-13180,Corporate,24,1.5,3,7,4
9,EB-13705,Corporate,24,-1.5,0,8,4
9,ES-14080,Corporate,24,-0.5,1,9,4
9,FM-14290,Home Office,17,1,2,5,3
9,FM-14380,Consumer,30,0.5,3,9,6
9,GG-14650,Corporate,24,0.5,2,10,4
9,GH-14410,Home Office,17,-1,0,6,3
9,GK-14620,Corporate,24,1.5,3,11,4
9,GZ-14470,Consumer,30,1.5,4,10,6
9,JC-15775,Consumer,30,2.5,5,11,6
9,JK-15640,Home Office,17,0,1,7,3
9,JO-15145,Corporate,24,-1.5,0,12,4
9,JP-16135,Home Office,17,1,2,8,3
9,KB-16315,Consumer,30,-2.5,0,12,6
9,KH-16630,Corporate,24,-0.5,1,13,4
9,KN-16390,Corporate,24,0.5,2,14,4
9,LC-17140,Consumer,30,-1.5,1,13,6
9,LH-16900,Consumer,30,-0.5,2,14,6
9,LH-17155,Consumer,30,0.5,3,15,6
9,LS-16975,Home Office,17,-1,0,9,3
9,MG-17890,Home Office,17,0,1,10,3
9,MH-18115,Home Office,17,1,2,11,3
9,ML-17395,Corporate,24,1.5,3,15,4
9,MM-18280,Corporate,24,-1.5,0,16,4
9,MP-17965,Corporate,24,-0.5,1,17,4
9,MP-18175,Home Office,17,-1,0,12,3
9,MS-17770,Consumer,30,1.5,4,16,6
9,MV-17485,Consumer,30,2.5,5,17,6
9,NB-18655,Corporate,24,0.5,2,18,4
9,ND-18370,Consumer,30,-2.5,0,18,6
9,NZ-18565,Home Office,17,0,1,13,3
9,ON-18715,Corporate,24,1.5,3,19,4
9,PG-18895,Consumer,30,-1.5,1,19,6
9,PO-19180,Home Office,17,1,2,14,3
9,QJ-19255,Corporate,24,-1.5,0,20,4
9,RA-19285,Consumer,30,-0.5,2,20,6
9,RA-19915,Consumer,30,0.5,3,21,6
9,RD-19900,Consumer,30,1.5,4,22,6
9,RW-19630,Corporate,24,-0.5,1,21,4
9,SC-20050,Home Office,17,-1,0,15,3
9,SC-20095,Consumer,30,2.5,5,23,6
9,SC-20380,Consumer,30,-2.5,0,24,6
9,SD-20485,Home Office,17,0,1,16,3
9,SF-20200,Consumer,30,-1.5,1,25,6
9,SF-20965,Corporate,24,0.5,2,22,4
9,SP-20620,Corporate,24,1.5,3,23,4
9,SP-20650,Corporate,24,-1.5,0,24,4
9,SV-20785,Consumer,30,-0.5,2,26,6
9,TB-21520,Consumer,30,0.5,3,27,6
9,TB-21625,Consumer,30,1.5,4,28,6
9,TC-21475,Home Office,17,1,2,17,3
9,TD-20995,Consumer,30,2.5,5,29,6
9,TP-21130,Consumer,30,-2.5,0,30,6
10,AB-10105,Consumer,24,-0.5,1,1,4
10,AG-10900,Consumer,24,0.5,2,2,4
10,AH-10075,Corporate,10,0.5,1,1,2
10,AI-10855,Consumer,24,1.5,3,3,4
10,AP-10915,Consumer,24,-1.5,0,4,4
10,AT-10735,Consumer,24,-0.5,1,5,4
10,BM-11785,Consumer,24,0.5,2,6,4
10,CB-12025,Consumer,24,1.5,3,7,4
10,CC-12430,Home Office,5,0,0,1,1
10,DB-13210,Consumer,24,-1.5,0,8,4
10,EB-13750,Corporate,10,-0.5,0,2,2
10,EB-13870,Consumer,24,-0.5,1,9,4
10,EH-14125,Home Office,5,0,0,2,1
10,FH-14275,Corporate,10,0.5,1,3,2
10,FM-14215,Corporate,10,-0.5,0,4,2
10,FO-14305,Consumer,24,0.5,2,10,4
10,GM-14500,Consumer,24,1.5,3,11,4
10,HM-14860,Corporate,10,0.5,1,5,2
10,JB-15400,Corporate,10,-0.5,0,6,2
10,JE-15715,Consumer,24,-1.5,0,12,4
10,JK-15730,Consumer,24,-0.5,1,13,4
10,JK-16120,Home Office,5,0,0,3,1
10,JM-16195,Consumer,24,0.5,2,14,4
10,KT-16480,Consumer,24,1.5,3,15,4
10,MB-17305,Consumer,24,-1.5,0,16,4
10,MC-18100,Consumer,24,-0.5,1,17,4
10,ME-17320,Home Office,5,0,0,4,1
10,MS-17365,Consumer,24,0.5,2,18,4
10,NM-18520,Consumer,24,1.5,3,19,4
10,PP-18955,Home Office,5,0,0,5,1
10,PW-19030,Corporate,10,0.5,1,7,2
10,RD-19585,Consumer,24,-1.5,0,20,4
10,RD-19720,Consumer,24,-0.5,1,21,4
10,SA-20830,Consumer,24,0.5,2,22,4
10,SC-20695,Corporate,10,-0.5,0,8,2
10,SH-20395,Consumer,24,1.5,3,23,4
10,SP-20860,Corporate,10,0.5,1,9,2
10,SV-20365,Consumer,24,-1.5,0,24,4
10,VW-21775,Corporate,10,-0.5,0,10,2
11,BF-11170,Home Office,4,,,1,0
11,BM-11650,Corporate,5,0,0,1,1
11,CK-12595,Consumer,14,0.5,1,1,2
11,CS-11950,Consumer,14,-0.5,0,2,2
11,CS-12355,Consumer,14,0.5,1,3,2
11,Dp-13240,Home Office,4,,,2,0
11,GA-14725,Consumer,14,-0.5,0,4,2
11,GB-14530,Corporate,5,0,0,2,1
11,GT-14710,Consumer,14,0.5,1,5,2
11,JD-15895,Corporate,5,0,0,3,1
11,JF-15490,Consumer,14,-0.5,0,6,2
11,JG-15160,Consumer,14,0.5,1,7,2
11,JL-15835,Consumer,14,-0.5,0,8,2
11,LA-16780,Corporate,5,0,0,4,1
11,MA-17560,Home Office,4,,,3,0
11,MM-17920,Consumer,14,0.5,1,9,2
11,MY-18295,Corporate,5,0,0,5,1
11,PO-18850,Consumer,14,-0.5,0,10,2
11,SC-20725,Consumer,14,0.5,1,11,2
11,SE-20110,Consumer,14,-0.5,0,12,2
11,SZ-20035,Home Office,4,,,4,0
11,WB-21850,Consumer,14,0.5,1,13,2
11,XP-21865,Consumer,14,-0.5,0,14,2
12,AH-10690,Corporate,9,0,0,1,1
12,BD-11320,Consumer,7,0,0,1,1
12,BP-11095,Corporate,9,0,0,2,1
12,CC-12220,Consumer,7,0,0,2,1
12,CL-12565,Consumer,7,0,0,3,1
12,CS-12250,Corporate,9,0,0,3,1
12,DK-12835,Corporate,9,0,0,4,1
12,EH-13765,Corporate,9,0,0,5,1
12,HG-14965,Corporate,9,0,0,6,1
12,KB-16585,Corporate,9,0,0,7,1
12,KD-16495,Corporate,9,0,0,8,1
12,KL-16645,Consumer,7,0,0,4,1
12,LC-16885,Consumer,7,0,0,5,1
12,PK-19075,Consumer,7,0,0,6,1
12,RB-19465,Home Office,2,,,1,0
12,RP-19390,Consumer,7,0,0,7,1
12,SJ-20125,Home Office,2,,,2,0
12,SM-20950,Corporate,9,0,0,9,1
13,CK-12205,Consumer,4,,,1,0
13,EA-14035,Corporate,3,,,1,0
13,JE-15745,Consumer,4,,,2,0
13,NS-18640,Corporate,3,,,2,0
13,PG-18820,Consumer,4,,,3,0
13,SH-19975,Corporate,3,,,3,0
13,ZC-21910,Consumer,4,,,4,0
17,EP-13915,Consumer,1,,,1,0
