Year of Year,Actual Value,"ATTR(DATEPART('year', [Latest Year + 5]))","ATTR(DATEPART('year', [Latest Year]))",Increase | Decrease,Latest Year +5 - Predicted,Latest Year - Actual,Predicted Value,Tooltip - Actual Value,Tooltip - Predicted Value,Tooltip - Residual,Tooltip - Value Suffix
1993,0.8,"2,023","2,018",decrease,75.6,76.5,0.820389628,81.7,82.0,-0.3,%
1994,0.8,"2,023","2,018",decrease,75.6,76.5,0.820716441,82.2,82.1,+0.1,%
1995,0.8,"2,023","2,018",decrease,75.6,76.5,0.821206748,82.3,82.1,+0.2,%
1996,0.8,"2,023","2,018",decrease,75.6,76.5,0.821790516,82.1,82.2,-0.1,%
1997,0.8,"2,023","2,018",decrease,75.6,76.5,0.822421670,82.6,82.2,+0.4,%
1998,0.8,"2,023","2,018",decrease,75.6,76.5,0.823073804,81.8,82.3,-0.5,%
1999,0.8,"2,023","2,018",decrease,75.6,76.5,0.823748052,82.6,82.4,+0.2,%
2000,0.8,"2,023","2,018",decrease,75.6,76.5,0.824454248,82.4,82.4,+0.0,%
2001,0.8,"2,023","2,018",decrease,75.6,76.5,0.825199008,82.3,82.5,-0.2,%
2002,0.8,"2,023","2,018",decrease,75.6,76.5,0.825957179,82.7,82.6,+0.1,%
2003,0.8,"2,023","2,018",decrease,75.6,76.5,0.826667011,82.6,82.7,-0.1,%
2004,0.8,"2,023","2,018",decrease,75.6,76.5,0.827209890,83.4,82.7,+0.6,%
2005,0.8,"2,023","2,018",decrease,75.6,76.5,0.827410400,82.3,82.7,-0.4,%
2006,0.8,"2,023","2,018",decrease,75.6,76.5,0.827046514,82.6,82.7,-0.1,%
2007,0.8,"2,023","2,018",decrease,75.6,76.5,0.825877607,82.6,82.6,+0.0,%
2008,0.8,"2,023","2,018",decrease,75.6,76.5,0.823675871,82.4,82.4,+0.1,%
2009,0.8,"2,023","2,018",decrease,75.6,76.5,0.820256233,81.8,82.0,-0.2,%
2010,0.8,"2,023","2,018",decrease,75.6,76.5,0.815556765,81.4,81.6,-0.1,%
2011,0.8,"2,023","2,018",decrease,75.6,76.5,0.809611976,81.4,81.0,+0.4,%
2012,0.8,"2,023","2,018",decrease,75.6,76.5,0.802600622,80.5,80.3,+0.2,%
2013,0.8,"2,023","2,018",decrease,75.6,76.5,0.794809580,79.6,79.5,+0.2,%
2014,0.8,"2,023","2,018",decrease,75.6,76.5,0.786693633,78.8,78.7,+0.1,%
2015,0.8,"2,023","2,018",decrease,75.6,76.5,0.778702199,77.8,77.9,-0.1,%
2016,0.8,"2,023","2,018",decrease,75.6,76.5,0.771307409,76.5,77.1,-0.6,%
2017,0.8,"2,023","2,018",decrease,75.6,76.5,0.764911771,76.1,76.5,-0.4,%
2018,0.8,"2,023","2,018",decrease,75.6,76.5,0.759866297,76.5,76.0,+0.5,%
2019,,,,decrease,75.6,76.5,0.756330669,,75.6,,
2020,,,,decrease,75.6,76.5,0.754334748,,75.4,,
2021,,,,decrease,75.6,76.5,0.753767371,,75.4,,
2022,,,,decrease,75.6,76.5,0.754404545,,75.4,,
2023,,,,decrease,75.6,76.5,0.755939722,,75.6,,
1993,0.8,"2,023","2,018",decrease,75.6,76.5,0.820389628,81.7,82.0,-0.3,%
1994,0.8,"2,023","2,018",decrease,75.6,76.5,0.820716441,82.2,82.1,+0.1,%
1995,0.8,"2,023","2,018",decrease,75.6,76.5,0.821206748,82.3,82.1,+0.2,%
1996,0.8,"2,023","2,018",decrease,75.6,76.5,0.821790516,82.1,82.2,-0.1,%
1997,0.8,"2,023","2,018",decrease,75.6,76.5,0.822421670,82.6,82.2,+0.4,%
1998,0.8,"2,023","2,018",decrease,75.6,76.5,0.823073804,81.8,82.3,-0.5,%
1999,0.8,"2,023","2,018",decrease,75.6,76.5,0.823748052,82.6,82.4,+0.2,%
2000,0.8,"2,023","2,018",decrease,75.6,76.5,0.824454248,82.4,82.4,+0.0,%
2001,0.8,"2,023","2,018",decrease,75.6,76.5,0.825199008,82.3,82.5,-0.2,%
2002,0.8,"2,023","2,018",decrease,75.6,76.5,0.825957179,82.7,82.6,+0.1,%
2003,0.8,"2,023","2,018",decrease,75.6,76.5,0.826667011,82.6,82.7,-0.1,%
2004,0.8,"2,023","2,018",decrease,75.6,76.5,0.827209890,83.4,82.7,+0.6,%
2005,0.8,"2,023","2,018",decrease,75.6,76.5,0.827410400,82.3,82.7,-0.4,%
2006,0.8,"2,023","2,018",decrease,75.6,76.5,0.827046514,82.6,82.7,-0.1,%
2007,0.8,"2,023","2,018",decrease,75.6,76.5,0.825877607,82.6,82.6,+0.0,%
2008,0.8,"2,023","2,018",decrease,75.6,76.5,0.823675871,82.4,82.4,+0.1,%
2009,0.8,"2,023","2,018",decrease,75.6,76.5,0.820256233,81.8,82.0,-0.2,%
2010,0.8,"2,023","2,018",decrease,75.6,76.5,0.815556765,81.4,81.6,-0.1,%
2011,0.8,"2,023","2,018",decrease,75.6,76.5,0.809611976,81.4,81.0,+0.4,%
2012,0.8,"2,023","2,018",decrease,75.6,76.5,0.802600622,80.5,80.3,+0.2,%
2013,0.8,"2,023","2,018",decrease,75.6,76.5,0.794809580,79.6,79.5,+0.2,%
2014,0.8,"2,023","2,018",decrease,75.6,76.5,0.786693633,78.8,78.7,+0.1,%
2015,0.8,"2,023","2,018",decrease,75.6,76.5,0.778702199,77.8,77.9,-0.1,%
2016,0.8,"2,023","2,018",decrease,75.6,76.5,0.771307409,76.5,77.1,-0.6,%
2017,0.8,"2,023","2,018",decrease,75.6,76.5,0.764911771,76.1,76.5,-0.4,%
2018,0.8,"2,023","2,018",decrease,75.6,76.5,0.759866297,76.5,76.0,+0.5,%
2019,,,,decrease,75.6,76.5,0.756330669,,75.6,,
2020,,,,decrease,75.6,76.5,0.754334748,,75.4,,
2021,,,,decrease,75.6,76.5,0.753767371,,75.4,,
2022,,,,decrease,75.6,76.5,0.754404545,,75.4,,
2023,,,,decrease,75.6,76.5,0.755939722,,75.6,,
