Colour:Circle,Month Order Date,Order Date Display,Sales
teal,2-2017,,"$22,979"
teal,3-2017,,"$51,716"
teal,5-2017,,"$56,988"
teal,6-2017,,"$40,345"
teal,8-2017,,"$31,115"
teal,9-2017,,"$73,410"
teal,11-2017,,"$79,412"
teal,12-2017,,"$96,999"
teal,2-2018,,"$20,301"
teal,3-2018,,"$58,872"
teal,5-2018,,"$44,261"
teal,6-2018,,"$52,982"
teal,8-2018,,"$63,121"
teal,9-2018,,"$87,867"
teal,11-2018,,"$118,448"
white,1-2017,1-2017,"$18,542"
white,4-2017,4-2017,"$38,750"
white,7-2017,7-2017,"$39,262"
white,10-2017,10-2017,"$59,688"
white,1-2018,1-2018,"$43,971"
white,4-2018,4-2018,"$36,522"
white,7-2018,7-2018,"$45,264"
white,10-2018,10-2018,"$77,777"
white,12-2018,12-2018,"$83,829"
