Day of Order Date,Sales
"December 6, 2019",$11
"November 22, 2019",$36
"December 27, 2019",$178
"December 15, 2019",$307
"December 20, 2019",$378
"November 8, 2019",$384
"November 29, 2019",$492
"November 15, 2019",$559
"December 13, 2019",$581
"December 30, 2019",$714
"December 26, 2019",$815
"November 14, 2019",$835
"December 16, 2019",$859
"November 23, 2019","$1,153"
"December 3, 2019","$1,404"
"December 5, 2019","$1,453"
"November 18, 2019","$1,470"
"November 27, 2019","$1,618"
"December 28, 2019","$1,657"
"November 11, 2019","$1,815"
"December 19, 2019","$1,896"
"December 23, 2019","$1,927"
"December 17, 2019","$2,028"
"December 21, 2019","$2,141"
"November 21, 2019","$2,236"
"November 5, 2019","$2,355"
"November 7, 2019","$2,413"
"December 4, 2019","$2,640"
"December 25, 2019","$2,699"
"December 11, 2019","$2,824"
"November 12, 2019","$2,911"
"December 29, 2019","$2,916"
"December 7, 2019","$2,917"
"November 1, 2019","$2,921"
"November 20, 2019","$2,988"
"December 18, 2019","$3,646"
"November 25, 2019","$3,666"
"December 10, 2019","$3,874"
"December 14, 2019","$3,898"
"November 10, 2019","$4,008"
"November 6, 2019","$4,289"
"November 3, 2019","$4,537"
"November 9, 2019","$4,751"
"November 16, 2019","$4,755"
"November 24, 2019","$4,960"
"November 26, 2019","$5,048"
"December 1, 2019","$5,331"
"December 9, 2019","$5,470"
"December 24, 2019","$6,233"
"November 2, 2019","$6,294"
"November 13, 2019","$6,633"
"November 30, 2019","$6,645"
"November 28, 2019","$6,913"
"November 19, 2019","$7,397"
"December 22, 2019","$7,442"
"December 8, 2019","$7,643"
"December 2, 2019","$9,951"
"November 4, 2019","$10,668"
"November 17, 2019","$13,695"
"December 6, 2019",$11
"November 22, 2019",$36
"December 27, 2019",$178
"December 15, 2019",$307
"December 20, 2019",$378
"November 8, 2019",$384
"November 29, 2019",$492
"November 15, 2019",$559
"December 13, 2019",$581
"December 30, 2019",$714
"December 26, 2019",$815
"November 14, 2019",$835
"December 16, 2019",$859
"November 23, 2019","$1,153"
"December 3, 2019","$1,404"
"December 5, 2019","$1,453"
"November 18, 2019","$1,470"
"November 27, 2019","$1,618"
"December 28, 2019","$1,657"
"November 11, 2019","$1,815"
"December 19, 2019","$1,896"
"December 23, 2019","$1,927"
"December 17, 2019","$2,028"
"December 21, 2019","$2,141"
"November 21, 2019","$2,236"
"November 5, 2019","$2,355"
"November 7, 2019","$2,413"
"December 4, 2019","$2,640"
"December 25, 2019","$2,699"
"December 11, 2019","$2,824"
"November 12, 2019","$2,911"
"December 29, 2019","$2,916"
"December 7, 2019","$2,917"
"November 1, 2019","$2,921"
"November 20, 2019","$2,988"
"December 18, 2019","$3,646"
"November 25, 2019","$3,666"
"December 10, 2019","$3,874"
"December 14, 2019","$3,898"
"November 10, 2019","$4,008"
"November 6, 2019","$4,289"
"November 3, 2019","$4,537"
"November 9, 2019","$4,751"
"November 16, 2019","$4,755"
"November 24, 2019","$4,960"
"November 26, 2019","$5,048"
"December 1, 2019","$5,331"
"December 9, 2019","$5,470"
"December 24, 2019","$6,233"
"November 2, 2019","$6,294"
"November 13, 2019","$6,633"
"November 30, 2019","$6,645"
"November 28, 2019","$6,913"
"November 19, 2019","$7,397"
"December 22, 2019","$7,442"
"December 8, 2019","$7,643"
"December 2, 2019","$9,951"
"November 4, 2019","$10,668"
"November 17, 2019","$13,695"
