False,In / Out of Selected Sub-Category,Sub-Category,True,MIN(0.0)
False,In,Tables,True,0
False,Out,Accessories,True,0
False,Out,Appliances,True,0
False,Out,Art,True,0
False,Out,Binders,True,0
False,Out,Bookcases,True,0
False,Out,Chairs,True,0
False,Out,Copiers,True,0
False,Out,Envelopes,True,0
False,Out,Fasteners,True,0
False,Out,Furnishings,True,0
False,Out,Labels,True,0
False,Out,Machines,True,0
False,Out,Paper,True,0
False,Out,Phones,True,0
False,Out,Storage,True,0
False,Out,Supplies,True,0
