Date to Plot,Size,Number of Orders,Profit
03 Jan 18,1,1,$350
15 Jan 18,1,1,-$16
25 Jan 18,1,1,-$99
30 Jan 18,1,1,-$538
05 Feb 18,1,1,$7
14 Feb 18,1,1,-$47
01 Mar 18,1,1,-$265
03 Mar 18,1,1,-$128
06 Mar 18,1,1,-$99
11 Mar 18,1,1,-$31
13 Mar 18,1,1,$0
18 Mar 18,1,1,-$95
20 Mar 18,1,1,$146
21 Mar 18,1,1,-$1
12 Apr 18,1,1,$76
19 Apr 18,1,1,-$58
22 Apr 18,1,1,-$814
01 May 18,1,1,-$142
05 May 18,1,3,$326
22 May 18,1,1,-$20
30 May 18,1,1,$387
03 Jun 18,1,1,-$2
04 Jun 18,1,1,-$121
09 Jun 18,1,1,$173
10 Jun 18,1,1,-$217
11 Jun 18,1,1,$34
14 Jun 18,1,3,$297
17 Jun 18,1,1,-$214
25 Jul 18,1,1,$389
31 Jul 18,1,1,-$32
02 Aug 18,1,1,$15
08 Aug 18,1,1,$13
12 Aug 18,1,2,-$322
16 Aug 18,1,1,$12
21 Aug 18,1,2,-$159
26 Aug 18,1,1,$99
27 Aug 18,1,1,$21
29 Aug 18,1,1,-$56
02 Sep 18,1,2,-$121
05 Sep 18,1,1,$314
08 Sep 18,1,2,-$314
10 Sep 18,1,1,-$34
15 Sep 18,1,1,$260
18 Sep 18,1,1,-$167
25 Sep 18,1,1,-$204
01 Oct 18,1,1,-$116
04 Oct 18,1,1,-$24
13 Oct 18,1,1,-$466
16 Oct 18,1,1,-$38
21 Oct 18,1,1,-$231
03 Nov 18,1,1,$160
04 Nov 18,1,1,-$292
05 Nov 18,1,1,-$160
11 Nov 18,1,1,$241
12 Nov 18,1,1,-$8
15 Nov 18,1,1,-$200
25 Nov 18,1,1,$329
26 Nov 18,1,1,-$120
27 Nov 18,1,1,-$114
01 Dec 18,1,1,-$47
03 Dec 18,1,3,-$42
08 Dec 18,1,1,-$195
09 Dec 18,1,2,$129
11 Dec 18,1,2,-$36
13 Dec 18,1,1,$42
15 Dec 18,1,2,-$73
17 Dec 18,1,1,-$326
18 Dec 18,1,1,-$264
19 Dec 18,1,1,-$219
25 Dec 18,1,3,$485
26 Dec 18,1,1,$34
02 Jan 19,1,1,-$170
08 Jan 19,1,1,$80
16 Jan 19,1,1,-$15
23 Jan 19,1,1,$21
30 Jan 19,1,1,-$47
17 Feb 19,1,2,-$376
20 Feb 19,1,1,-$186
03 Mar 19,1,1,-$15
10 Mar 19,1,1,-$173
11 Mar 19,1,1,-$46
19 Mar 19,1,1,$9
27 Mar 19,1,1,$58
02 Apr 19,1,1,$70
07 Apr 19,1,1,-$350
29 Apr 19,1,1,-$70
01 May 19,1,1,-$458
03 May 19,1,1,-$112
04 May 19,1,1,$11
09 May 19,1,1,$63
12 May 19,1,1,-$11
23 May 19,1,1,-$6
03 Jun 19,1,1,-$115
09 Jun 19,1,1,-$72
12 Jun 19,1,1,$68
15 Jun 19,1,1,-$28
19 Jun 19,1,1,-$85
25 Jun 19,1,1,$148
29 Jun 19,1,1,-$40
30 Jun 19,1,1,-$296
03 Jul 19,1,1,-$104
15 Jul 19,1,2,$108
18 Jul 19,1,1,-$449
21 Jul 19,1,1,-$21
25 Jul 19,1,2,-$39
14 Aug 19,1,1,$5
21 Aug 19,1,1,$28
22 Aug 19,1,2,-$81
27 Aug 19,1,1,-$298
28 Aug 19,1,1,$250
01 Sep 19,1,1,$45
02 Sep 19,1,2,-$96
04 Sep 19,1,2,-$7
08 Sep 19,1,1,-$567
11 Sep 19,1,1,-$66
15 Sep 19,1,1,$11
29 Sep 19,1,1,-$189
02 Oct 19,1,1,"-$1,003"
03 Oct 19,1,1,-$6
05 Oct 19,1,1,$5
07 Oct 19,1,1,-$36
09 Oct 19,1,1,-$473
12 Oct 19,1,1,-$77
13 Oct 19,1,1,$346
15 Oct 19,1,1,$6
16 Oct 19,1,1,-$969
19 Oct 19,1,2,-$71
20 Oct 19,1,1,-$76
21 Oct 19,1,1,$63
22 Oct 19,1,2,-$66
23 Oct 19,1,1,-$141
24 Oct 19,1,1,-$81
26 Oct 19,1,1,$61
27 Oct 19,1,1,$9
30 Oct 19,1,1,-$68
01 Nov 19,1,1,$240
03 Nov 19,1,2,$57
04 Nov 19,1,1,-$192
05 Nov 19,1,1,-$67
06 Nov 19,1,1,$367
07 Nov 19,1,1,-$140
19 Nov 19,1,3,-$233
21 Nov 19,1,1,$21
23 Nov 19,1,1,-$31
24 Nov 19,1,1,$7
26 Nov 19,1,1,$67
28 Nov 19,1,1,-$620
30 Nov 19,1,1,-$653
03 Dec 19,1,1,$89
08 Dec 19,1,1,-$113
09 Dec 19,1,1,$22
10 Dec 19,1,1,$117
11 Dec 19,1,1,-$420
14 Dec 19,1,2,-$150
22 Dec 19,1,4,-$217
25 Dec 19,1,1,-$105
