State Grouping,State Order,Count States Grouped,Count States Listed,Label: Other States,Label: State,Avg. Threshold Line,Min. Zero,% Sales Per State
California,0,44,5,,California,5.00%,0.00%,19.92%
New York,0,44,5,,New York,5.00%,0.00%,13.53%
Pennsylvania,0,44,5,,Pennsylvania,5.00%,0.00%,5.07%
Texas,0,44,5,,Texas,5.00%,0.00%,7.41%
Washington,0,44,5,,Washington,5.00%,0.00%,6.04%
All Other States,1,44,5,All Other States,,5.00%,0.00%,48.03%
California,0,44,5,,California,5.00%,0.00%,19.92%
New York,0,44,5,,New York,5.00%,0.00%,13.53%
Pennsylvania,0,44,5,,Pennsylvania,5.00%,0.00%,5.07%
Texas,0,44,5,,Texas,5.00%,0.00%,7.41%
Washington,0,44,5,,Washington,5.00%,0.00%,6.04%
All Other States,1,44,5,All Other States,,5.00%,0.00%,48.03%
