COLOUR : Date,Day of Week Abbrev,Day of Date,False,Month of Date,True,Week of Date,Calendar Axis,Date Control,Date Selection Start
White,Sat,1,False,December,True,Week 48,1,2018-12-01,12/18/2018
White,Sun,2,False,December,True,Week 48,1,2018-12-02,12/18/2018
White,Mon,3,False,December,True,Week 49,1,2018-12-03,12/18/2018
White,Tue,4,False,December,True,Week 49,1,2018-12-04,12/18/2018
White,Wed,5,False,December,True,Week 49,1,2018-12-05,12/18/2018
White,Thu,6,False,December,True,Week 49,1,2018-12-06,12/18/2018
White,Fri,7,False,December,True,Week 49,1,2018-12-07,12/18/2018
White,Sat,8,False,December,True,Week 49,1,2018-12-08,12/18/2018
White,Sun,9,False,December,True,Week 49,1,2018-12-09,12/18/2018
White,Mon,10,False,December,True,Week 50,1,2018-12-10,12/18/2018
White,Tue,11,False,December,True,Week 50,1,2018-12-11,12/18/2018
White,Wed,12,False,December,True,Week 50,1,2018-12-12,12/18/2018
White,Thu,13,False,December,True,Week 50,1,2018-12-13,12/18/2018
White,Fri,14,False,December,True,Week 50,1,2018-12-14,12/18/2018
White,Sat,15,False,December,True,Week 50,1,2018-12-15,12/18/2018
White,Sun,16,False,December,True,Week 50,1,2018-12-16,12/18/2018
White,Mon,17,False,December,True,Week 51,1,2018-12-17,12/18/2018
Hot Pink,Tue,18,False,December,True,Week 51,1,2018-12-18,12/18/2018
Pink,Wed,19,False,December,True,Week 51,1,2018-12-19,12/18/2018
Pink,Thu,20,False,December,True,Week 51,1,2018-12-20,12/18/2018
Pink,Fri,21,False,December,True,Week 51,1,2018-12-21,12/18/2018
Pink,Sat,22,False,December,True,Week 51,1,2018-12-22,12/18/2018
Pink,Sun,23,False,December,True,Week 51,1,2018-12-23,12/18/2018
Pink,Mon,24,False,December,True,Week 52,1,2018-12-24,12/18/2018
Pink,Tue,25,False,December,True,Week 52,1,2018-12-25,12/18/2018
Pink,Wed,26,False,December,True,Week 52,1,2018-12-26,12/18/2018
Pink,Thu,27,False,December,True,Week 52,1,2018-12-27,12/18/2018
Pink,Fri,28,False,December,True,Week 52,1,2018-12-28,12/18/2018
Pink,Sat,29,False,December,True,Week 52,1,2018-12-29,12/18/2018
Pink,Sun,30,False,December,True,Week 52,1,2018-12-30,12/18/2018
Hot Pink,Mon,31,False,December,True,Week 53,1,2018-12-31,12/18/2018
