COLOUR:Selected Month,False,Month Col,Month Row,Month of Date,True,Month Axis,Min. Month Date
False,False,1,1,January,True,1,1/1/2019
False,False,2,1,February,True,1,2/1/2019
False,False,3,1,March,True,1,3/1/2019
False,False,4,1,April,True,1,4/1/2019
False,False,1,2,May,True,1,5/1/2019
True,False,2,2,June,True,1,6/1/2019
False,False,3,2,July,True,1,7/1/2019
False,False,4,2,August,True,1,8/1/2019
False,False,1,3,September,True,1,9/1/2019
False,False,2,3,October,True,1,10/1/2019
False,False,3,3,November,True,1,11/1/2019
False,False,4,3,December,True,1,12/1/2019
