Measure Names,Year,Difference Indicator,Measure Values
Food insecurity (includes low and very low food security) Percent of households,1995,▼,11.94
Selected Year %,1995,▼,
Win Max - Selected Year % along Year,1995,▼,11.07
First Year % along Year,1995,▼,11.94
Latest Year % along Year,1995,▼,
Previous Year %,1995,▼,
Selected Comparison % along Year,1995,▼,
Win Max - Selected Comparison % along Year,1995,▼,11.8
Difference,1995,▼,-0.73
DISPLAY: Difference,1995,▼,0.73
Food insecurity (includes low and very low food security) Percent of households,1996,▼,12.02
Selected Year %,1996,▼,
Win Max - Selected Year % along Year,1996,▼,11.07
First Year % along Year,1996,▼,
Latest Year % along Year,1996,▼,
Previous Year %,1996,▼,
Selected Comparison % along Year,1996,▼,
Win Max - Selected Comparison % along Year,1996,▼,11.8
Difference,1996,▼,-0.73
DISPLAY: Difference,1996,▼,0.73
Food insecurity (includes low and very low food security) Percent of households,1997,▼,10.11
Selected Year %,1997,▼,
Win Max - Selected Year % along Year,1997,▼,11.07
First Year % along Year,1997,▼,
Latest Year % along Year,1997,▼,
Previous Year %,1997,▼,
Selected Comparison % along Year,1997,▼,
Win Max - Selected Comparison % along Year,1997,▼,11.8
Difference,1997,▼,-0.73
DISPLAY: Difference,1997,▼,0.73
Food insecurity (includes low and very low food security) Percent of households,1998,▼,11.79
Selected Year %,1998,▼,
Win Max - Selected Year % along Year,1998,▼,11.07
First Year % along Year,1998,▼,
Latest Year % along Year,1998,▼,
Previous Year %,1998,▼,
Selected Comparison % along Year,1998,▼,
Win Max - Selected Comparison % along Year,1998,▼,11.8
Difference,1998,▼,-0.73
DISPLAY: Difference,1998,▼,0.73
Food insecurity (includes low and very low food security) Percent of households,1999,▼,10.06
Selected Year %,1999,▼,
Win Max - Selected Year % along Year,1999,▼,11.07
First Year % along Year,1999,▼,
Latest Year % along Year,1999,▼,
Previous Year %,1999,▼,
Selected Comparison % along Year,1999,▼,
Win Max - Selected Comparison % along Year,1999,▼,11.8
Difference,1999,▼,-0.73
DISPLAY: Difference,1999,▼,0.73
Food insecurity (includes low and very low food security) Percent of households,2000,▼,10.47
Selected Year %,2000,▼,
Win Max - Selected Year % along Year,2000,▼,11.07
First Year % along Year,2000,▼,
Latest Year % along Year,2000,▼,
Previous Year %,2000,▼,
Selected Comparison % along Year,2000,▼,
Win Max - Selected Comparison % along Year,2000,▼,11.8
Difference,2000,▼,-0.73
DISPLAY: Difference,2000,▼,0.73
Food insecurity (includes low and very low food security) Percent of households,2001,▼,10.69
Selected Year %,2001,▼,
Win Max - Selected Year % along Year,2001,▼,11.07
First Year % along Year,2001,▼,
Latest Year % along Year,2001,▼,
Previous Year %,2001,▼,
Selected Comparison % along Year,2001,▼,
Win Max - Selected Comparison % along Year,2001,▼,11.8
Difference,2001,▼,-0.73
DISPLAY: Difference,2001,▼,0.73
Food insecurity (includes low and very low food security) Percent of households,2002,▼,11.1
Selected Year %,2002,▼,
Win Max - Selected Year % along Year,2002,▼,11.07
First Year % along Year,2002,▼,
Latest Year % along Year,2002,▼,
Previous Year %,2002,▼,
Selected Comparison % along Year,2002,▼,
Win Max - Selected Comparison % along Year,2002,▼,11.8
Difference,2002,▼,-0.73
DISPLAY: Difference,2002,▼,0.73
Food insecurity (includes low and very low food security) Percent of households,2003,▼,11.21
Selected Year %,2003,▼,
Win Max - Selected Year % along Year,2003,▼,11.07
First Year % along Year,2003,▼,
Latest Year % along Year,2003,▼,
Previous Year %,2003,▼,
Selected Comparison % along Year,2003,▼,
Win Max - Selected Comparison % along Year,2003,▼,11.8
Difference,2003,▼,-0.73
DISPLAY: Difference,2003,▼,0.73
Food insecurity (includes low and very low food security) Percent of households,2004,▼,11.95
Selected Year %,2004,▼,
Win Max - Selected Year % along Year,2004,▼,11.07
First Year % along Year,2004,▼,
Latest Year % along Year,2004,▼,
Previous Year %,2004,▼,
Selected Comparison % along Year,2004,▼,
Win Max - Selected Comparison % along Year,2004,▼,11.8
Difference,2004,▼,-0.73
DISPLAY: Difference,2004,▼,0.73
Food insecurity (includes low and very low food security) Percent of households,2005,▼,11
Selected Year %,2005,▼,
Win Max - Selected Year % along Year,2005,▼,11.07
First Year % along Year,2005,▼,
Latest Year % along Year,2005,▼,
Previous Year %,2005,▼,
Selected Comparison % along Year,2005,▼,
Win Max - Selected Comparison % along Year,2005,▼,11.8
Difference,2005,▼,-0.73
DISPLAY: Difference,2005,▼,0.73
Food insecurity (includes low and very low food security) Percent of households,2006,▼,10.94
Selected Year %,2006,▼,
Win Max - Selected Year % along Year,2006,▼,11.07
First Year % along Year,2006,▼,
Latest Year % along Year,2006,▼,
Previous Year %,2006,▼,
Selected Comparison % along Year,2006,▼,
Win Max - Selected Comparison % along Year,2006,▼,11.8
Difference,2006,▼,-0.73
DISPLAY: Difference,2006,▼,0.73
Food insecurity (includes low and very low food security) Percent of households,2007,▼,11.11
Selected Year %,2007,▼,
Win Max - Selected Year % along Year,2007,▼,11.07
First Year % along Year,2007,▼,
Latest Year % along Year,2007,▼,
Previous Year %,2007,▼,
Selected Comparison % along Year,2007,▼,
Win Max - Selected Comparison % along Year,2007,▼,11.8
Difference,2007,▼,-0.73
DISPLAY: Difference,2007,▼,0.73
Food insecurity (includes low and very low food security) Percent of households,2008,▼,14.59
Selected Year %,2008,▼,
Win Max - Selected Year % along Year,2008,▼,11.07
First Year % along Year,2008,▼,
Latest Year % along Year,2008,▼,
Previous Year %,2008,▼,
Selected Comparison % along Year,2008,▼,
Win Max - Selected Comparison % along Year,2008,▼,11.8
Difference,2008,▼,-0.73
DISPLAY: Difference,2008,▼,0.73
Food insecurity (includes low and very low food security) Percent of households,2009,▼,14.69
Selected Year %,2009,▼,
Win Max - Selected Year % along Year,2009,▼,11.07
First Year % along Year,2009,▼,
Latest Year % along Year,2009,▼,
Previous Year %,2009,▼,
Selected Comparison % along Year,2009,▼,
Win Max - Selected Comparison % along Year,2009,▼,11.8
Difference,2009,▼,-0.73
DISPLAY: Difference,2009,▼,0.73
Food insecurity (includes low and very low food security) Percent of households,2010,▼,14.51
Selected Year %,2010,▼,
Win Max - Selected Year % along Year,2010,▼,11.07
First Year % along Year,2010,▼,
Latest Year % along Year,2010,▼,
Previous Year %,2010,▼,
Selected Comparison % along Year,2010,▼,
Win Max - Selected Comparison % along Year,2010,▼,11.8
Difference,2010,▼,-0.73
DISPLAY: Difference,2010,▼,0.73
Food insecurity (includes low and very low food security) Percent of households,2011,▼,14.94
Selected Year %,2011,▼,
Win Max - Selected Year % along Year,2011,▼,11.07
First Year % along Year,2011,▼,
Latest Year % along Year,2011,▼,
Previous Year %,2011,▼,
Selected Comparison % along Year,2011,▼,
Win Max - Selected Comparison % along Year,2011,▼,11.8
Difference,2011,▼,-0.73
DISPLAY: Difference,2011,▼,0.73
Food insecurity (includes low and very low food security) Percent of households,2012,▼,14.51
Selected Year %,2012,▼,
Win Max - Selected Year % along Year,2012,▼,11.07
First Year % along Year,2012,▼,
Latest Year % along Year,2012,▼,
Previous Year %,2012,▼,
Selected Comparison % along Year,2012,▼,
Win Max - Selected Comparison % along Year,2012,▼,11.8
Difference,2012,▼,-0.73
DISPLAY: Difference,2012,▼,0.73
Food insecurity (includes low and very low food security) Percent of households,2013,▼,14.28
Selected Year %,2013,▼,
Win Max - Selected Year % along Year,2013,▼,11.07
First Year % along Year,2013,▼,
Latest Year % along Year,2013,▼,
Previous Year %,2013,▼,
Selected Comparison % along Year,2013,▼,
Win Max - Selected Comparison % along Year,2013,▼,11.8
Difference,2013,▼,-0.73
DISPLAY: Difference,2013,▼,0.73
Food insecurity (includes low and very low food security) Percent of households,2014,▼,14.05
Selected Year %,2014,▼,
Win Max - Selected Year % along Year,2014,▼,11.07
First Year % along Year,2014,▼,
Latest Year % along Year,2014,▼,
Previous Year %,2014,▼,
Selected Comparison % along Year,2014,▼,
Win Max - Selected Comparison % along Year,2014,▼,11.8
Difference,2014,▼,-0.73
DISPLAY: Difference,2014,▼,0.73
Food insecurity (includes low and very low food security) Percent of households,2015,▼,12.66
Selected Year %,2015,▼,
Win Max - Selected Year % along Year,2015,▼,11.07
First Year % along Year,2015,▼,
Latest Year % along Year,2015,▼,
Previous Year %,2015,▼,
Selected Comparison % along Year,2015,▼,
Win Max - Selected Comparison % along Year,2015,▼,11.8
Difference,2015,▼,-0.73
DISPLAY: Difference,2015,▼,0.73
Food insecurity (includes low and very low food security) Percent of households,2016,▼,12.3
Selected Year %,2016,▼,
Win Max - Selected Year % along Year,2016,▼,11.07
First Year % along Year,2016,▼,
Latest Year % along Year,2016,▼,
Previous Year %,2016,▼,
Selected Comparison % along Year,2016,▼,
Win Max - Selected Comparison % along Year,2016,▼,11.8
Difference,2016,▼,-0.73
DISPLAY: Difference,2016,▼,0.73
Food insecurity (includes low and very low food security) Percent of households,2017,▼,11.8
Selected Year %,2017,▼,
Win Max - Selected Year % along Year,2017,▼,11.07
First Year % along Year,2017,▼,
Latest Year % along Year,2017,▼,
Previous Year %,2017,▼,11.8
Selected Comparison % along Year,2017,▼,11.8
Win Max - Selected Comparison % along Year,2017,▼,11.8
Difference,2017,▼,-0.73
DISPLAY: Difference,2017,▼,0.73
Food insecurity (includes low and very low food security) Percent of households,2018,▼,11.07
Selected Year %,2018,▼,11.07
Win Max - Selected Year % along Year,2018,▼,11.07
First Year % along Year,2018,▼,
Latest Year % along Year,2018,▼,
Previous Year %,2018,▼,
Selected Comparison % along Year,2018,▼,
Win Max - Selected Comparison % along Year,2018,▼,11.8
Difference,2018,▼,-0.73
DISPLAY: Difference,2018,▼,0.73
Food insecurity (includes low and very low food security) Percent of households,2019,▼,10.54
Selected Year %,2019,▼,
Win Max - Selected Year % along Year,2019,▼,11.07
First Year % along Year,2019,▼,
Latest Year % along Year,2019,▼,10.54
Previous Year %,2019,▼,
Selected Comparison % along Year,2019,▼,
Win Max - Selected Comparison % along Year,2019,▼,11.8
Difference,2019,▼,-0.73
DISPLAY: Difference,2019,▼,0.73
