State,YoY%,Latitude (generated),Longitude (generated),% of Total CY,CY,PY
Alabama,56%,32.75,-86.75,1.734887503%,384,246
Arizona,35%,34.5,-111.5,2.213788741%,490,364
Arkansas,40%,34.75,-92.5,1.039125328%,230,164
California,53%,37.25,-119.75,11.213517665%,"2,482","1,624"
Colorado,33%,39,-105.5,1.789102738%,396,297
Connecticut,10%,41.6227,-72.7028,0.921658986%,204,185
Delaware,21%,38.6716,-75.4165,0.307219662%,68,56
Florida,29%,28.42,-81.55,6.487756393%,"1,436","1,110"
Georgia,46%,32.1598,-83.4715,4.188126864%,927,636
Idaho,-2%,44.0739,-114.542,0.429203940%,95,97
Illinois,35%,40,-89.25,2.968284088%,657,487
Indiana,47%,40,-86.25,2.005963676%,444,303
Iowa,64%,42,-93.5,0.835818198%,185,113
Kansas,51%,38.5,-98.5,0.885515497%,196,130
Kentucky,54%,37.79,-84.87,1.662600524%,368,239
Louisiana,58%,30.6935,-92.241,1.649046715%,365,231
Maine,13%,45.5,-69.24,0.397578386%,88,78
Maryland,71%,39.4444,-77.0834,2.204752869%,488,285
Massachusetts,48%,42.3616,-72.1839,2.118912081%,469,316
Michigan,36%,43.1045,-84.6165,2.755941086%,610,447
Minnesota,46%,46.25,-94.25,1.436703714%,318,218
Mississippi,53%,33.503,-89.8071,0.862925815%,191,125
Missouri,39%,38.25,-92.5,2.195716996%,486,350
Montana,-11%,47,-109.75,0.230414747%,51,57
Nebraska,27%,41.5,-99.75,0.474383302%,105,83
Nevada,77%,39.25,-116.75,1.156591669%,256,145
New Hampshire,19%,43.66,-71.49,0.397578386%,88,74
New Jersey,47%,40.16,-74.49,2.308665402%,511,348
New Mexico,43%,34.5,-106,0.605403452%,134,94
New York,59%,43,-75.49,5.380862022%,"1,191",748
North Carolina,58%,35.5,-80,3.912532755%,866,547
North Dakota,87%,47.5,-100,0.194271257%,43,23
Ohio,52%,40.25,-83,3.505918496%,776,512
Oklahoma,26%,35.5,-97.5,1.441221650%,319,253
Oregon,63%,44,-120.5,1.748441312%,387,238
Pennsylvania,45%,40.86,-77.9,3.627902774%,803,554
Rhode Island,-3%,41.4966,-71.4757,0.253004428%,56,58
South Carolina,62%,34,-81,1.929158760%,427,263
South Dakota,71%,44.5,-100.25,0.185235384%,41,24
Tennessee,44%,35.75,-86.25,2.304147465%,510,355
Texas,56%,31.25,-99.25,9.221107798%,"2,041","1,310"
Utah,8%,39.25,-111.75,0.578295834%,128,118
Vermont,6%,44.1584,-72.7678,0.225896810%,50,47
Virginia,51%,37.77,-78.24,3.289057559%,728,481
Washington,49%,47.5,-120.5,2.823710129%,625,420
West Virginia,10%,38.63,-80.73,0.515044728%,114,104
Wisconsin,28%,44.5,-90,1.233396584%,273,214
Wyoming,31%,43,-107.5,0.153609831%,34,26
Alabama,56%,32.75,-86.75,1.734887503%,384,246
Arizona,35%,34.5,-111.5,2.213788741%,490,364
Arkansas,40%,34.75,-92.5,1.039125328%,230,164
California,53%,37.25,-119.75,11.213517665%,"2,482","1,624"
Colorado,33%,39,-105.5,1.789102738%,396,297
Connecticut,10%,41.6227,-72.7028,0.921658986%,204,185
Delaware,21%,38.6716,-75.4165,0.307219662%,68,56
Florida,29%,28.42,-81.55,6.487756393%,"1,436","1,110"
Georgia,46%,32.1598,-83.4715,4.188126864%,927,636
Idaho,-2%,44.0739,-114.542,0.429203940%,95,97
Illinois,35%,40,-89.25,2.968284088%,657,487
Indiana,47%,40,-86.25,2.005963676%,444,303
Iowa,64%,42,-93.5,0.835818198%,185,113
Kansas,51%,38.5,-98.5,0.885515497%,196,130
Kentucky,54%,37.79,-84.87,1.662600524%,368,239
Louisiana,58%,30.6935,-92.241,1.649046715%,365,231
Maine,13%,45.5,-69.24,0.397578386%,88,78
Maryland,71%,39.4444,-77.0834,2.204752869%,488,285
Massachusetts,48%,42.3616,-72.1839,2.118912081%,469,316
Michigan,36%,43.1045,-84.6165,2.755941086%,610,447
Minnesota,46%,46.25,-94.25,1.436703714%,318,218
Mississippi,53%,33.503,-89.8071,0.862925815%,191,125
Missouri,39%,38.25,-92.5,2.195716996%,486,350
Montana,-11%,47,-109.75,0.230414747%,51,57
Nebraska,27%,41.5,-99.75,0.474383302%,105,83
Nevada,77%,39.25,-116.75,1.156591669%,256,145
New Hampshire,19%,43.66,-71.49,0.397578386%,88,74
New Jersey,47%,40.16,-74.49,2.308665402%,511,348
New Mexico,43%,34.5,-106,0.605403452%,134,94
New York,59%,43,-75.49,5.380862022%,"1,191",748
North Carolina,58%,35.5,-80,3.912532755%,866,547
North Dakota,87%,47.5,-100,0.194271257%,43,23
Ohio,52%,40.25,-83,3.505918496%,776,512
Oklahoma,26%,35.5,-97.5,1.441221650%,319,253
Oregon,63%,44,-120.5,1.748441312%,387,238
Pennsylvania,45%,40.86,-77.9,3.627902774%,803,554
Rhode Island,-3%,41.4966,-71.4757,0.253004428%,56,58
South Carolina,62%,34,-81,1.929158760%,427,263
South Dakota,71%,44.5,-100.25,0.185235384%,41,24
Tennessee,44%,35.75,-86.25,2.304147465%,510,355
Texas,56%,31.25,-99.25,9.221107798%,"2,041","1,310"
Utah,8%,39.25,-111.75,0.578295834%,128,118
Vermont,6%,44.1584,-72.7678,0.225896810%,50,47
Virginia,51%,37.77,-78.24,3.289057559%,728,481
Washington,49%,47.5,-120.5,2.823710129%,625,420
West Virginia,10%,38.63,-80.73,0.515044728%,114,104
Wisconsin,28%,44.5,-90,1.233396584%,273,214
Wyoming,31%,43,-107.5,0.153609831%,34,26
