Is Selected Hotel?,Name,Price Rating,Yelp Rating Header,Chart Sort,Yelp # of Ratings,Yelp Rating
False,DoubleTree by Hilton Hotel London - Hyde Park,££,4,4,34,4
False,JW Marriott Grosvenor House London,£££,4,4,108,4
False,Hotel Indigo,££,4.5,4.5,33,4.5
False,Savoy Hotel,££££,4.5,4.5,94,4.5
False,The Hoxton - Shoreditch,££,4.5,4.5,187,4.5
False,The London EDITION,£££,4.5,4.5,45,4.5
False,The Z Hotel Piccadilly,££,4.5,4.5,11,4.5
True,London Marriott Hotel Park Lane,£££,4.5,4.5,47,4.5
False,Great Scotland Yard Hotel,,5,5,2,5
False,Hotel 41,££££,5,5,27,5
