Display Date,Measure Names,Moving Average,Sales
1/1/2024,Moving Average,"56,778.4839","18,830.331"
2/1/2024,Moving Average,"39,113.901066667","22,978.815"
3/1/2024,Moving Average,"31,613.405","53,031.069"
4/1/2024,Moving Average,"38,279.681","38,829.159"
5/1/2024,Moving Average,"49,634.355333333","57,042.838"
6/1/2024,Moving Average,"45,603.048333333","40,937.148"
7/1/2024,Moving Average,"46,093.495","40,300.499"
8/1/2024,Moving Average,"37,651.4871","31,716.8143"
9/1/2024,Moving Average,"48,512.992066667","73,521.6629"
10/1/2024,Moving Average,"55,023.1594","59,831.001"
11/1/2024,Moving Average,"70,921.543233333","79,411.9658"
12/1/2024,Moving Average,"78,915.081266667","97,502.277"
1/1/2025,Moving Average,"73,724.4856","44,259.214"
2/1/2025,Moving Average,"54,020.8748","20,301.1334"
3/1/2025,Moving Average,"41,762.942733333","60,728.4808"
4/1/2025,Moving Average,"39,269.5501","36,779.0361"
5/1/2025,Moving Average,"47,554.333033333","45,155.4822"
6/1/2025,Moving Average,"44,996.865333333","53,056.0777"
7/1/2025,Moving Average,"48,067.018633333","45,989.496"
8/1/2025,Moving Average,"54,391.777233333","64,129.758"
9/1/2025,Moving Average,"66,061.262","88,064.532000000"
10/1/2025,Moving Average,"78,556.357733333","83,474.783200000"
11/1/2025,Moving Average,"96,664.606733333","118,454.505"
12/1/2025,Moving Average,"95,701.440333333","85,175.0328"
1/1/2024,Sales,"56,778.4839","18,830.331"
2/1/2024,Sales,"39,113.901066667","22,978.815"
3/1/2024,Sales,"31,613.405","53,031.069"
4/1/2024,Sales,"38,279.681","38,829.159"
5/1/2024,Sales,"49,634.355333333","57,042.838"
6/1/2024,Sales,"45,603.048333333","40,937.148"
7/1/2024,Sales,"46,093.495","40,300.499"
8/1/2024,Sales,"37,651.4871","31,716.8143"
9/1/2024,Sales,"48,512.992066667","73,521.6629"
10/1/2024,Sales,"55,023.1594","59,831.001"
11/1/2024,Sales,"70,921.543233333","79,411.9658"
12/1/2024,Sales,"78,915.081266667","97,502.277"
1/1/2025,Sales,"73,724.4856","44,259.214"
2/1/2025,Sales,"54,020.8748","20,301.1334"
3/1/2025,Sales,"41,762.942733333","60,728.4808"
4/1/2025,Sales,"39,269.5501","36,779.0361"
5/1/2025,Sales,"47,554.333033333","45,155.4822"
6/1/2025,Sales,"44,996.865333333","53,056.0777"
7/1/2025,Sales,"48,067.018633333","45,989.496"
8/1/2025,Sales,"54,391.777233333","64,129.758"
9/1/2025,Sales,"66,061.262","88,064.532000000"
10/1/2025,Sales,"78,556.357733333","83,474.783200000"
11/1/2025,Sales,"96,664.606733333","118,454.505"
12/1/2025,Sales,"95,701.440333333","85,175.0328"
