Sub-Cat UPPER,% Orders,% Overall Score,% Qty,% Sales,MIN(0.5),MIN(1),MIN(1),MIN(1),Orders Current Month,Orders Indicator,Orders Previous Month,Overall Indicator,Qty Indicator,Sales Indicator,Current Month,Previous Month,Sub-Cat UPPER,Qty Current Month,Qty Previous Month,Sales Current Month,Sales Previous Month
ACCESSORIES,75%,0%,76%,59%,0.5,1,1,1,30,0,40,●,0,0,December 2019,November 2019,ACCESSORIES,136,179,"$4,989","$8,390"
APPLIANCES,114%,67%,111%,97%,0.5,1,1,1,24,1,21,●,1,0,December 2019,November 2019,APPLIANCES,101,91,"$6,517","$6,746"
ART,87%,0%,87%,62%,0.5,1,1,1,34,0,39,●,0,0,December 2019,November 2019,ART,147,169,$862,"$1,387"
BINDERS,113%,67%,108%,85%,0.5,1,1,1,68,1,60,●,1,0,December 2019,November 2019,BINDERS,311,288,"$5,536","$6,491"
BOOKCASES,200%,100%,294%,172%,0.5,1,1,1,12,1,6,,1,1,December 2019,November 2019,BOOKCASES,50,17,"$3,654","$2,123"
CHAIRS,104%,100%,144%,103%,0.5,1,1,1,28,1,27,,1,1,December 2019,November 2019,CHAIRS,125,87,"$14,966","$14,561"
COPIERS,133%,67%,163%,54%,0.5,1,1,1,4,1,3,●,1,0,December 2019,November 2019,COPIERS,13,8,"$6,680","$12,360"
ENVELOPES,64%,0%,55%,80%,0.5,1,1,1,7,0,11,●,0,0,December 2019,November 2019,ENVELOPES,21,38,$415,$519
FASTENERS,122%,100%,186%,123%,0.5,1,1,1,11,1,9,,1,1,December 2019,November 2019,FASTENERS,54,29,$170,$138
FURNISHINGS,102%,33%,96%,60%,0.5,1,1,1,45,1,44,●,0,0,December 2019,November 2019,FURNISHINGS,171,179,"$4,062","$6,714"
LABELS,100%,100%,117%,134%,0.5,1,1,1,11,1,11,,1,1,December 2019,November 2019,LABELS,42,36,$279,$208
MACHINES,50%,0%,33%,11%,0.5,1,1,1,3,0,6,●,0,0,December 2019,November 2019,MACHINES,7,21,"$1,249","$11,761"
PAPER,100%,67%,86%,107%,0.5,1,1,1,53,1,53,●,0,1,December 2019,November 2019,PAPER,221,256,"$3,891","$3,621"
PHONES,71%,0%,64%,52%,0.5,1,1,1,30,0,42,●,0,0,December 2019,November 2019,PHONES,112,175,"$9,067","$17,407"
STORAGE,105%,33%,75%,86%,0.5,1,1,1,40,1,38,●,0,0,December 2019,November 2019,STORAGE,131,174,"$10,201","$11,911"
SUPPLIES,133%,100%,275%,568%,0.5,1,1,1,8,1,6,,1,1,December 2019,November 2019,SUPPLIES,33,12,"$2,566",$452
TABLES,75%,0%,59%,64%,0.5,1,1,1,12,0,16,●,0,0,December 2019,November 2019,TABLES,48,81,"$8,725","$13,659"
ACCESSORIES,75%,0%,76%,59%,0.5,1,1,1,30,0,40,●,0,0,December 2019,November 2019,ACCESSORIES,136,179,"$4,989","$8,390"
APPLIANCES,114%,67%,111%,97%,0.5,1,1,1,24,1,21,●,1,0,December 2019,November 2019,APPLIANCES,101,91,"$6,517","$6,746"
ART,87%,0%,87%,62%,0.5,1,1,1,34,0,39,●,0,0,December 2019,November 2019,ART,147,169,$862,"$1,387"
BINDERS,113%,67%,108%,85%,0.5,1,1,1,68,1,60,●,1,0,December 2019,November 2019,BINDERS,311,288,"$5,536","$6,491"
BOOKCASES,200%,100%,294%,172%,0.5,1,1,1,12,1,6,,1,1,December 2019,November 2019,BOOKCASES,50,17,"$3,654","$2,123"
CHAIRS,104%,100%,144%,103%,0.5,1,1,1,28,1,27,,1,1,December 2019,November 2019,CHAIRS,125,87,"$14,966","$14,561"
COPIERS,133%,67%,163%,54%,0.5,1,1,1,4,1,3,●,1,0,December 2019,November 2019,COPIERS,13,8,"$6,680","$12,360"
ENVELOPES,64%,0%,55%,80%,0.5,1,1,1,7,0,11,●,0,0,December 2019,November 2019,ENVELOPES,21,38,$415,$519
FASTENERS,122%,100%,186%,123%,0.5,1,1,1,11,1,9,,1,1,December 2019,November 2019,FASTENERS,54,29,$170,$138
FURNISHINGS,102%,33%,96%,60%,0.5,1,1,1,45,1,44,●,0,0,December 2019,November 2019,FURNISHINGS,171,179,"$4,062","$6,714"
LABELS,100%,100%,117%,134%,0.5,1,1,1,11,1,11,,1,1,December 2019,November 2019,LABELS,42,36,$279,$208
MACHINES,50%,0%,33%,11%,0.5,1,1,1,3,0,6,●,0,0,December 2019,November 2019,MACHINES,7,21,"$1,249","$11,761"
PAPER,100%,67%,86%,107%,0.5,1,1,1,53,1,53,●,0,1,December 2019,November 2019,PAPER,221,256,"$3,891","$3,621"
PHONES,71%,0%,64%,52%,0.5,1,1,1,30,0,42,●,0,0,December 2019,November 2019,PHONES,112,175,"$9,067","$17,407"
STORAGE,105%,33%,75%,86%,0.5,1,1,1,40,1,38,●,0,0,December 2019,November 2019,STORAGE,131,174,"$10,201","$11,911"
SUPPLIES,133%,100%,275%,568%,0.5,1,1,1,8,1,6,,1,1,December 2019,November 2019,SUPPLIES,33,12,"$2,566",$452
TABLES,75%,0%,59%,64%,0.5,1,1,1,12,0,16,●,0,0,December 2019,November 2019,TABLES,48,81,"$8,725","$13,659"
ACCESSORIES,75%,0%,76%,59%,0.5,1,1,1,30,0,40,●,0,0,December 2019,November 2019,ACCESSORIES,136,179,"$4,989","$8,390"
APPLIANCES,114%,67%,111%,97%,0.5,1,1,1,24,1,21,●,1,0,December 2019,November 2019,APPLIANCES,101,91,"$6,517","$6,746"
ART,87%,0%,87%,62%,0.5,1,1,1,34,0,39,●,0,0,December 2019,November 2019,ART,147,169,$862,"$1,387"
BINDERS,113%,67%,108%,85%,0.5,1,1,1,68,1,60,●,1,0,December 2019,November 2019,BINDERS,311,288,"$5,536","$6,491"
BOOKCASES,200%,100%,294%,172%,0.5,1,1,1,12,1,6,,1,1,December 2019,November 2019,BOOKCASES,50,17,"$3,654","$2,123"
CHAIRS,104%,100%,144%,103%,0.5,1,1,1,28,1,27,,1,1,December 2019,November 2019,CHAIRS,125,87,"$14,966","$14,561"
COPIERS,133%,67%,163%,54%,0.5,1,1,1,4,1,3,●,1,0,December 2019,November 2019,COPIERS,13,8,"$6,680","$12,360"
ENVELOPES,64%,0%,55%,80%,0.5,1,1,1,7,0,11,●,0,0,December 2019,November 2019,ENVELOPES,21,38,$415,$519
FASTENERS,122%,100%,186%,123%,0.5,1,1,1,11,1,9,,1,1,December 2019,November 2019,FASTENERS,54,29,$170,$138
FURNISHINGS,102%,33%,96%,60%,0.5,1,1,1,45,1,44,●,0,0,December 2019,November 2019,FURNISHINGS,171,179,"$4,062","$6,714"
LABELS,100%,100%,117%,134%,0.5,1,1,1,11,1,11,,1,1,December 2019,November 2019,LABELS,42,36,$279,$208
MACHINES,50%,0%,33%,11%,0.5,1,1,1,3,0,6,●,0,0,December 2019,November 2019,MACHINES,7,21,"$1,249","$11,761"
PAPER,100%,67%,86%,107%,0.5,1,1,1,53,1,53,●,0,1,December 2019,November 2019,PAPER,221,256,"$3,891","$3,621"
PHONES,71%,0%,64%,52%,0.5,1,1,1,30,0,42,●,0,0,December 2019,November 2019,PHONES,112,175,"$9,067","$17,407"
STORAGE,105%,33%,75%,86%,0.5,1,1,1,40,1,38,●,0,0,December 2019,November 2019,STORAGE,131,174,"$10,201","$11,911"
SUPPLIES,133%,100%,275%,568%,0.5,1,1,1,8,1,6,,1,1,December 2019,November 2019,SUPPLIES,33,12,"$2,566",$452
TABLES,75%,0%,59%,64%,0.5,1,1,1,12,0,16,●,0,0,December 2019,November 2019,TABLES,48,81,"$8,725","$13,659"
ACCESSORIES,75%,0%,76%,59%,0.5,1,1,1,30,0,40,●,0,0,December 2019,November 2019,ACCESSORIES,136,179,"$4,989","$8,390"
APPLIANCES,114%,67%,111%,97%,0.5,1,1,1,24,1,21,●,1,0,December 2019,November 2019,APPLIANCES,101,91,"$6,517","$6,746"
ART,87%,0%,87%,62%,0.5,1,1,1,34,0,39,●,0,0,December 2019,November 2019,ART,147,169,$862,"$1,387"
BINDERS,113%,67%,108%,85%,0.5,1,1,1,68,1,60,●,1,0,December 2019,November 2019,BINDERS,311,288,"$5,536","$6,491"
BOOKCASES,200%,100%,294%,172%,0.5,1,1,1,12,1,6,,1,1,December 2019,November 2019,BOOKCASES,50,17,"$3,654","$2,123"
CHAIRS,104%,100%,144%,103%,0.5,1,1,1,28,1,27,,1,1,December 2019,November 2019,CHAIRS,125,87,"$14,966","$14,561"
COPIERS,133%,67%,163%,54%,0.5,1,1,1,4,1,3,●,1,0,December 2019,November 2019,COPIERS,13,8,"$6,680","$12,360"
ENVELOPES,64%,0%,55%,80%,0.5,1,1,1,7,0,11,●,0,0,December 2019,November 2019,ENVELOPES,21,38,$415,$519
FASTENERS,122%,100%,186%,123%,0.5,1,1,1,11,1,9,,1,1,December 2019,November 2019,FASTENERS,54,29,$170,$138
FURNISHINGS,102%,33%,96%,60%,0.5,1,1,1,45,1,44,●,0,0,December 2019,November 2019,FURNISHINGS,171,179,"$4,062","$6,714"
LABELS,100%,100%,117%,134%,0.5,1,1,1,11,1,11,,1,1,December 2019,November 2019,LABELS,42,36,$279,$208
MACHINES,50%,0%,33%,11%,0.5,1,1,1,3,0,6,●,0,0,December 2019,November 2019,MACHINES,7,21,"$1,249","$11,761"
PAPER,100%,67%,86%,107%,0.5,1,1,1,53,1,53,●,0,1,December 2019,November 2019,PAPER,221,256,"$3,891","$3,621"
PHONES,71%,0%,64%,52%,0.5,1,1,1,30,0,42,●,0,0,December 2019,November 2019,PHONES,112,175,"$9,067","$17,407"
STORAGE,105%,33%,75%,86%,0.5,1,1,1,40,1,38,●,0,0,December 2019,November 2019,STORAGE,131,174,"$10,201","$11,911"
SUPPLIES,133%,100%,275%,568%,0.5,1,1,1,8,1,6,,1,1,December 2019,November 2019,SUPPLIES,33,12,"$2,566",$452
TABLES,75%,0%,59%,64%,0.5,1,1,1,12,0,16,●,0,0,December 2019,November 2019,TABLES,48,81,"$8,725","$13,659"
ACCESSORIES,75%,0%,76%,59%,0.5,1,1,1,30,0,40,●,0,0,December 2019,November 2019,ACCESSORIES,136,179,"$4,989","$8,390"
APPLIANCES,114%,67%,111%,97%,0.5,1,1,1,24,1,21,●,1,0,December 2019,November 2019,APPLIANCES,101,91,"$6,517","$6,746"
ART,87%,0%,87%,62%,0.5,1,1,1,34,0,39,●,0,0,December 2019,November 2019,ART,147,169,$862,"$1,387"
BINDERS,113%,67%,108%,85%,0.5,1,1,1,68,1,60,●,1,0,December 2019,November 2019,BINDERS,311,288,"$5,536","$6,491"
BOOKCASES,200%,100%,294%,172%,0.5,1,1,1,12,1,6,,1,1,December 2019,November 2019,BOOKCASES,50,17,"$3,654","$2,123"
CHAIRS,104%,100%,144%,103%,0.5,1,1,1,28,1,27,,1,1,December 2019,November 2019,CHAIRS,125,87,"$14,966","$14,561"
COPIERS,133%,67%,163%,54%,0.5,1,1,1,4,1,3,●,1,0,December 2019,November 2019,COPIERS,13,8,"$6,680","$12,360"
ENVELOPES,64%,0%,55%,80%,0.5,1,1,1,7,0,11,●,0,0,December 2019,November 2019,ENVELOPES,21,38,$415,$519
FASTENERS,122%,100%,186%,123%,0.5,1,1,1,11,1,9,,1,1,December 2019,November 2019,FASTENERS,54,29,$170,$138
FURNISHINGS,102%,33%,96%,60%,0.5,1,1,1,45,1,44,●,0,0,December 2019,November 2019,FURNISHINGS,171,179,"$4,062","$6,714"
LABELS,100%,100%,117%,134%,0.5,1,1,1,11,1,11,,1,1,December 2019,November 2019,LABELS,42,36,$279,$208
MACHINES,50%,0%,33%,11%,0.5,1,1,1,3,0,6,●,0,0,December 2019,November 2019,MACHINES,7,21,"$1,249","$11,761"
PAPER,100%,67%,86%,107%,0.5,1,1,1,53,1,53,●,0,1,December 2019,November 2019,PAPER,221,256,"$3,891","$3,621"
PHONES,71%,0%,64%,52%,0.5,1,1,1,30,0,42,●,0,0,December 2019,November 2019,PHONES,112,175,"$9,067","$17,407"
STORAGE,105%,33%,75%,86%,0.5,1,1,1,40,1,38,●,0,0,December 2019,November 2019,STORAGE,131,174,"$10,201","$11,911"
SUPPLIES,133%,100%,275%,568%,0.5,1,1,1,8,1,6,,1,1,December 2019,November 2019,SUPPLIES,33,12,"$2,566",$452
TABLES,75%,0%,59%,64%,0.5,1,1,1,12,0,16,●,0,0,December 2019,November 2019,TABLES,48,81,"$8,725","$13,659"
ACCESSORIES,75%,0%,76%,59%,0.5,1,1,1,30,0,40,●,0,0,December 2019,November 2019,ACCESSORIES,136,179,"$4,989","$8,390"
APPLIANCES,114%,67%,111%,97%,0.5,1,1,1,24,1,21,●,1,0,December 2019,November 2019,APPLIANCES,101,91,"$6,517","$6,746"
ART,87%,0%,87%,62%,0.5,1,1,1,34,0,39,●,0,0,December 2019,November 2019,ART,147,169,$862,"$1,387"
BINDERS,113%,67%,108%,85%,0.5,1,1,1,68,1,60,●,1,0,December 2019,November 2019,BINDERS,311,288,"$5,536","$6,491"
BOOKCASES,200%,100%,294%,172%,0.5,1,1,1,12,1,6,,1,1,December 2019,November 2019,BOOKCASES,50,17,"$3,654","$2,123"
CHAIRS,104%,100%,144%,103%,0.5,1,1,1,28,1,27,,1,1,December 2019,November 2019,CHAIRS,125,87,"$14,966","$14,561"
COPIERS,133%,67%,163%,54%,0.5,1,1,1,4,1,3,●,1,0,December 2019,November 2019,COPIERS,13,8,"$6,680","$12,360"
ENVELOPES,64%,0%,55%,80%,0.5,1,1,1,7,0,11,●,0,0,December 2019,November 2019,ENVELOPES,21,38,$415,$519
FASTENERS,122%,100%,186%,123%,0.5,1,1,1,11,1,9,,1,1,December 2019,November 2019,FASTENERS,54,29,$170,$138
FURNISHINGS,102%,33%,96%,60%,0.5,1,1,1,45,1,44,●,0,0,December 2019,November 2019,FURNISHINGS,171,179,"$4,062","$6,714"
LABELS,100%,100%,117%,134%,0.5,1,1,1,11,1,11,,1,1,December 2019,November 2019,LABELS,42,36,$279,$208
MACHINES,50%,0%,33%,11%,0.5,1,1,1,3,0,6,●,0,0,December 2019,November 2019,MACHINES,7,21,"$1,249","$11,761"
PAPER,100%,67%,86%,107%,0.5,1,1,1,53,1,53,●,0,1,December 2019,November 2019,PAPER,221,256,"$3,891","$3,621"
PHONES,71%,0%,64%,52%,0.5,1,1,1,30,0,42,●,0,0,December 2019,November 2019,PHONES,112,175,"$9,067","$17,407"
STORAGE,105%,33%,75%,86%,0.5,1,1,1,40,1,38,●,0,0,December 2019,November 2019,STORAGE,131,174,"$10,201","$11,911"
SUPPLIES,133%,100%,275%,568%,0.5,1,1,1,8,1,6,,1,1,December 2019,November 2019,SUPPLIES,33,12,"$2,566",$452
TABLES,75%,0%,59%,64%,0.5,1,1,1,12,0,16,●,0,0,December 2019,November 2019,TABLES,48,81,"$8,725","$13,659"
ACCESSORIES,75%,0%,76%,59%,0.5,1,1,1,30,0,40,●,0,0,December 2019,November 2019,ACCESSORIES,136,179,"$4,989","$8,390"
APPLIANCES,114%,67%,111%,97%,0.5,1,1,1,24,1,21,●,1,0,December 2019,November 2019,APPLIANCES,101,91,"$6,517","$6,746"
ART,87%,0%,87%,62%,0.5,1,1,1,34,0,39,●,0,0,December 2019,November 2019,ART,147,169,$862,"$1,387"
BINDERS,113%,67%,108%,85%,0.5,1,1,1,68,1,60,●,1,0,December 2019,November 2019,BINDERS,311,288,"$5,536","$6,491"
BOOKCASES,200%,100%,294%,172%,0.5,1,1,1,12,1,6,,1,1,December 2019,November 2019,BOOKCASES,50,17,"$3,654","$2,123"
CHAIRS,104%,100%,144%,103%,0.5,1,1,1,28,1,27,,1,1,December 2019,November 2019,CHAIRS,125,87,"$14,966","$14,561"
COPIERS,133%,67%,163%,54%,0.5,1,1,1,4,1,3,●,1,0,December 2019,November 2019,COPIERS,13,8,"$6,680","$12,360"
ENVELOPES,64%,0%,55%,80%,0.5,1,1,1,7,0,11,●,0,0,December 2019,November 2019,ENVELOPES,21,38,$415,$519
FASTENERS,122%,100%,186%,123%,0.5,1,1,1,11,1,9,,1,1,December 2019,November 2019,FASTENERS,54,29,$170,$138
FURNISHINGS,102%,33%,96%,60%,0.5,1,1,1,45,1,44,●,0,0,December 2019,November 2019,FURNISHINGS,171,179,"$4,062","$6,714"
LABELS,100%,100%,117%,134%,0.5,1,1,1,11,1,11,,1,1,December 2019,November 2019,LABELS,42,36,$279,$208
MACHINES,50%,0%,33%,11%,0.5,1,1,1,3,0,6,●,0,0,December 2019,November 2019,MACHINES,7,21,"$1,249","$11,761"
PAPER,100%,67%,86%,107%,0.5,1,1,1,53,1,53,●,0,1,December 2019,November 2019,PAPER,221,256,"$3,891","$3,621"
PHONES,71%,0%,64%,52%,0.5,1,1,1,30,0,42,●,0,0,December 2019,November 2019,PHONES,112,175,"$9,067","$17,407"
STORAGE,105%,33%,75%,86%,0.5,1,1,1,40,1,38,●,0,0,December 2019,November 2019,STORAGE,131,174,"$10,201","$11,911"
SUPPLIES,133%,100%,275%,568%,0.5,1,1,1,8,1,6,,1,1,December 2019,November 2019,SUPPLIES,33,12,"$2,566",$452
TABLES,75%,0%,59%,64%,0.5,1,1,1,12,0,16,●,0,0,December 2019,November 2019,TABLES,48,81,"$8,725","$13,659"
ACCESSORIES,75%,0%,76%,59%,0.5,1,1,1,30,0,40,●,0,0,December 2019,November 2019,ACCESSORIES,136,179,"$4,989","$8,390"
APPLIANCES,114%,67%,111%,97%,0.5,1,1,1,24,1,21,●,1,0,December 2019,November 2019,APPLIANCES,101,91,"$6,517","$6,746"
ART,87%,0%,87%,62%,0.5,1,1,1,34,0,39,●,0,0,December 2019,November 2019,ART,147,169,$862,"$1,387"
BINDERS,113%,67%,108%,85%,0.5,1,1,1,68,1,60,●,1,0,December 2019,November 2019,BINDERS,311,288,"$5,536","$6,491"
BOOKCASES,200%,100%,294%,172%,0.5,1,1,1,12,1,6,,1,1,December 2019,November 2019,BOOKCASES,50,17,"$3,654","$2,123"
CHAIRS,104%,100%,144%,103%,0.5,1,1,1,28,1,27,,1,1,December 2019,November 2019,CHAIRS,125,87,"$14,966","$14,561"
COPIERS,133%,67%,163%,54%,0.5,1,1,1,4,1,3,●,1,0,December 2019,November 2019,COPIERS,13,8,"$6,680","$12,360"
ENVELOPES,64%,0%,55%,80%,0.5,1,1,1,7,0,11,●,0,0,December 2019,November 2019,ENVELOPES,21,38,$415,$519
FASTENERS,122%,100%,186%,123%,0.5,1,1,1,11,1,9,,1,1,December 2019,November 2019,FASTENERS,54,29,$170,$138
FURNISHINGS,102%,33%,96%,60%,0.5,1,1,1,45,1,44,●,0,0,December 2019,November 2019,FURNISHINGS,171,179,"$4,062","$6,714"
LABELS,100%,100%,117%,134%,0.5,1,1,1,11,1,11,,1,1,December 2019,November 2019,LABELS,42,36,$279,$208
MACHINES,50%,0%,33%,11%,0.5,1,1,1,3,0,6,●,0,0,December 2019,November 2019,MACHINES,7,21,"$1,249","$11,761"
PAPER,100%,67%,86%,107%,0.5,1,1,1,53,1,53,●,0,1,December 2019,November 2019,PAPER,221,256,"$3,891","$3,621"
PHONES,71%,0%,64%,52%,0.5,1,1,1,30,0,42,●,0,0,December 2019,November 2019,PHONES,112,175,"$9,067","$17,407"
STORAGE,105%,33%,75%,86%,0.5,1,1,1,40,1,38,●,0,0,December 2019,November 2019,STORAGE,131,174,"$10,201","$11,911"
SUPPLIES,133%,100%,275%,568%,0.5,1,1,1,8,1,6,,1,1,December 2019,November 2019,SUPPLIES,33,12,"$2,566",$452
TABLES,75%,0%,59%,64%,0.5,1,1,1,12,0,16,●,0,0,December 2019,November 2019,TABLES,48,81,"$8,725","$13,659"
