Life Expectancy Age,Pivot Field Names,Country Count,Max Count Ref Line (copy),Max Count Ref Line,Year
39,Average Female Life Expectancy,1,-18,18,1/12/2000
42,Average Female Life Expectancy,1,-18,18,1/12/2000
44,Average Female Life Expectancy,1,-18,18,1/12/2000
45,Average Female Life Expectancy,1,-18,18,1/12/2000
46,Average Female Life Expectancy,1,-18,18,1/12/2000
47,Average Female Life Expectancy,3,-18,18,1/12/2000
48,Average Female Life Expectancy,4,-18,18,1/12/2000
49,Average Female Life Expectancy,6,-18,18,1/12/2000
50,Average Female Life Expectancy,1,-18,18,1/12/2000
51,Average Female Life Expectancy,3,-18,18,1/12/2000
52,Average Female Life Expectancy,3,-18,18,1/12/2000
53,Average Female Life Expectancy,5,-18,18,1/12/2000
54,Average Female Life Expectancy,2,-18,18,1/12/2000
56,Average Female Life Expectancy,2,-18,18,1/12/2000
57,Average Female Life Expectancy,2,-18,18,1/12/2000
58,Average Female Life Expectancy,3,-18,18,1/12/2000
59,Average Female Life Expectancy,4,-18,18,1/12/2000
60,Average Female Life Expectancy,3,-18,18,1/12/2000
61,Average Female Life Expectancy,4,-18,18,1/12/2000
62,Average Female Life Expectancy,1,-18,18,1/12/2000
63,Average Female Life Expectancy,3,-18,18,1/12/2000
64,Average Female Life Expectancy,2,-18,18,1/12/2000
65,Average Female Life Expectancy,4,-18,18,1/12/2000
66,Average Female Life Expectancy,2,-18,18,1/12/2000
67,Average Female Life Expectancy,1,-18,18,1/12/2000
68,Average Female Life Expectancy,5,-18,18,1/12/2000
69,Average Female Life Expectancy,3,-18,18,1/12/2000
70,Average Female Life Expectancy,8,-18,18,1/12/2000
71,Average Female Life Expectancy,7,-18,18,1/12/2000
72,Average Female Life Expectancy,5,-18,18,1/12/2000
73,Average Female Life Expectancy,10,-18,18,1/12/2000
74,Average Female Life Expectancy,11,-18,18,1/12/2000
75,Average Female Life Expectancy,18,-18,18,1/12/2000
76,Average Female Life Expectancy,9,-18,18,1/12/2000
77,Average Female Life Expectancy,6,-18,18,1/12/2000
78,Average Female Life Expectancy,11,-18,18,1/12/2000
79,Average Female Life Expectancy,5,-18,18,1/12/2000
80,Average Female Life Expectancy,11,-18,18,1/12/2000
81,Average Female Life Expectancy,12,-18,18,1/12/2000
82,Average Female Life Expectancy,5,-18,18,1/12/2000
83,Average Female Life Expectancy,4,-18,18,1/12/2000
84,Average Female Life Expectancy,2,-18,18,1/12/2000
85,Average Female Life Expectancy,1,-18,18,1/12/2000
37,Average Male Life Expectancy,-1,-18,18,1/12/2000
42,Average Male Life Expectancy,-2,-18,18,1/12/2000
44,Average Male Life Expectancy,-2,-18,18,1/12/2000
45,Average Male Life Expectancy,-1,-18,18,1/12/2000
46,Average Male Life Expectancy,-6,-18,18,1/12/2000
47,Average Male Life Expectancy,-3,-18,18,1/12/2000
48,Average Male Life Expectancy,-3,-18,18,1/12/2000
49,Average Male Life Expectancy,-5,-18,18,1/12/2000
50,Average Male Life Expectancy,-1,-18,18,1/12/2000
51,Average Male Life Expectancy,-5,-18,18,1/12/2000
52,Average Male Life Expectancy,-2,-18,18,1/12/2000
53,Average Male Life Expectancy,-3,-18,18,1/12/2000
54,Average Male Life Expectancy,-4,-18,18,1/12/2000
55,Average Male Life Expectancy,-1,-18,18,1/12/2000
56,Average Male Life Expectancy,-5,-18,18,1/12/2000
57,Average Male Life Expectancy,-2,-18,18,1/12/2000
58,Average Male Life Expectancy,-2,-18,18,1/12/2000
59,Average Male Life Expectancy,-4,-18,18,1/12/2000
60,Average Male Life Expectancy,-8,-18,18,1/12/2000
61,Average Male Life Expectancy,-4,-18,18,1/12/2000
62,Average Male Life Expectancy,-4,-18,18,1/12/2000
63,Average Male Life Expectancy,-4,-18,18,1/12/2000
64,Average Male Life Expectancy,-5,-18,18,1/12/2000
65,Average Male Life Expectancy,-9,-18,18,1/12/2000
66,Average Male Life Expectancy,-5,-18,18,1/12/2000
67,Average Male Life Expectancy,-10,-18,18,1/12/2000
68,Average Male Life Expectancy,-13,-18,18,1/12/2000
69,Average Male Life Expectancy,-8,-18,18,1/12/2000
70,Average Male Life Expectancy,-9,-18,18,1/12/2000
71,Average Male Life Expectancy,-12,-18,18,1/12/2000
72,Average Male Life Expectancy,-8,-18,18,1/12/2000
73,Average Male Life Expectancy,-6,-18,18,1/12/2000
74,Average Male Life Expectancy,-9,-18,18,1/12/2000
75,Average Male Life Expectancy,-11,-18,18,1/12/2000
76,Average Male Life Expectancy,-9,-18,18,1/12/2000
77,Average Male Life Expectancy,-7,-18,18,1/12/2000
78,Average Male Life Expectancy,-3,-18,18,1/12/2000
