Dummy,Week of Date to Plot,Year,In or Out of Upper or Lower Limits?,Lower Limit,Number of Complaints,Upper Limit,Within STD Limits?,Date From,Date to Plot,Date To
DUMMY,Week 53,2018,In,171.90,163,265.42,True,12/31/2018,31 December 2018,1/6/2019
DUMMY,Week 1,2018,In,171.90,166,265.42,True,1/1/2018,01 January 2018,1/7/2018
DUMMY,Week 2,2018,In,171.90,167,265.42,True,1/8/2018,08 January 2018,1/14/2018
DUMMY,Week 3,2018,In,171.90,173,265.42,True,1/15/2018,15 January 2018,1/21/2018
DUMMY,Week 46,2018,In,171.90,173,265.42,True,11/12/2018,12 November 2018,11/18/2018
DUMMY,Week 25,2018,In,171.90,174,265.42,True,6/18/2018,18 June 2018,6/24/2018
DUMMY,Week 52,2018,In,171.90,176,265.42,True,12/24/2018,24 December 2018,12/30/2018
DUMMY,Week 41,2018,In,171.90,183,265.42,True,10/8/2018,08 October 2018,10/14/2018
DUMMY,Week 40,2018,In,171.90,187,265.42,True,10/1/2018,01 October 2018,10/7/2018
DUMMY,Week 47,2018,In,171.90,187,265.42,True,11/19/2018,19 November 2018,11/25/2018
DUMMY,Week 45,2018,In,171.90,190,265.42,True,11/5/2018,05 November 2018,11/11/2018
DUMMY,Week 8,2018,In,171.90,192,265.42,True,2/19/2018,19 February 2018,2/25/2018
DUMMY,Week 48,2018,In,171.90,192,265.42,True,11/26/2018,26 November 2018,12/2/2018
DUMMY,Week 22,2018,In,171.90,194,265.42,True,5/28/2018,28 May 2018,6/3/2018
DUMMY,Week 39,2018,In,171.90,196,265.42,True,9/24/2018,24 September 2018,9/30/2018
DUMMY,Week 43,2018,In,171.90,196,265.42,True,10/22/2018,22 October 2018,10/28/2018
DUMMY,Week 50,2018,In,171.90,196,265.42,True,12/10/2018,10 December 2018,12/16/2018
DUMMY,Week 27,2018,In,171.90,201,265.42,True,7/2/2018,02 July 2018,7/8/2018
DUMMY,Week 33,2018,In,171.90,201,265.42,True,8/13/2018,13 August 2018,8/19/2018
DUMMY,Week 6,2018,In,171.90,203,265.42,True,2/5/2018,05 February 2018,2/11/2018
DUMMY,Week 24,2018,In,171.90,206,265.42,True,6/11/2018,11 June 2018,6/17/2018
DUMMY,Week 4,2018,In,171.90,208,265.42,True,1/22/2018,22 January 2018,1/28/2018
DUMMY,Week 28,2018,In,171.90,209,265.42,True,7/9/2018,09 July 2018,7/15/2018
DUMMY,Week 37,2018,In,171.90,211,265.42,True,9/10/2018,10 September 2018,9/16/2018
DUMMY,Week 11,2018,In,171.90,213,265.42,True,3/12/2018,12 March 2018,3/18/2018
DUMMY,Week 26,2018,In,171.90,213,265.42,True,6/25/2018,25 June 2018,7/1/2018
DUMMY,Week 51,2018,In,171.90,214,265.42,True,12/17/2018,17 December 2018,12/23/2018
DUMMY,Week 44,2018,In,171.90,215,265.42,True,10/29/2018,29 October 2018,11/4/2018
DUMMY,Week 15,2018,In,171.90,216,265.42,True,4/9/2018,09 April 2018,4/15/2018
DUMMY,Week 34,2018,In,171.90,217,265.42,True,8/20/2018,20 August 2018,8/26/2018
DUMMY,Week 35,2018,In,171.90,217,265.42,True,8/27/2018,27 August 2018,9/2/2018
DUMMY,Week 42,2018,In,171.90,217,265.42,True,10/15/2018,15 October 2018,10/21/2018
DUMMY,Week 49,2018,In,171.90,217,265.42,True,12/3/2018,03 December 2018,12/9/2018
DUMMY,Week 38,2018,In,171.90,222,265.42,True,9/17/2018,17 September 2018,9/23/2018
DUMMY,Week 32,2018,In,171.90,223,265.42,True,8/6/2018,06 August 2018,8/12/2018
DUMMY,Week 5,2018,In,171.90,226,265.42,True,1/29/2018,29 January 2018,2/4/2018
DUMMY,Week 10,2018,In,171.90,226,265.42,True,3/5/2018,05 March 2018,3/11/2018
DUMMY,Week 29,2018,In,171.90,228,265.42,True,7/16/2018,16 July 2018,7/22/2018
DUMMY,Week 7,2018,In,171.90,229,265.42,True,2/12/2018,12 February 2018,2/18/2018
DUMMY,Week 9,2018,In,171.90,235,265.42,True,2/26/2018,26 February 2018,3/4/2018
DUMMY,Week 31,2018,In,171.90,238,265.42,True,7/30/2018,30 July 2018,8/5/2018
DUMMY,Week 30,2018,In,171.90,239,265.42,True,7/23/2018,23 July 2018,7/29/2018
DUMMY,Week 23,2018,In,171.90,240,265.42,True,6/4/2018,04 June 2018,6/10/2018
DUMMY,Week 36,2018,In,171.90,243,265.42,True,9/3/2018,03 September 2018,9/9/2018
DUMMY,Week 12,2018,In,171.90,245,265.42,True,3/19/2018,19 March 2018,3/25/2018
DUMMY,Week 13,2018,In,171.90,245,265.42,True,3/26/2018,26 March 2018,4/1/2018
DUMMY,Week 20,2018,In,171.90,245,265.42,True,5/14/2018,14 May 2018,5/20/2018
DUMMY,Week 21,2018,In,171.90,245,265.42,True,5/21/2018,21 May 2018,5/27/2018
DUMMY,Week 18,2018,Out,171.90,255,265.42,False,4/30/2018,30 April 2018,5/6/2018
DUMMY,Week 19,2018,Out,171.90,273,265.42,False,5/7/2018,07 May 2018,5/13/2018
DUMMY,Week 17,2018,Out,171.90,277,265.42,False,4/23/2018,23 April 2018,4/29/2018
DUMMY,Week 16,2018,Out,171.90,288,265.42,False,4/16/2018,16 April 2018,4/22/2018
DUMMY,Week 14,2018,Out,171.90,484,265.42,False,4/2/2018,02 April 2018,4/8/2018
DUMMY,Week 52,2019,Out,167.57,118,218.28,False,12/23/2019,23 December 2019,12/29/2019
DUMMY,Week 53,2019,Out,167.57,140,218.28,False,12/30/2019,30 December 2019,1/5/2020
DUMMY,Week 49,2019,Out,167.57,144,218.28,False,12/2/2019,02 December 2019,12/8/2019
DUMMY,Week 36,2019,Out,167.57,150,218.28,False,9/2/2019,02 September 2019,9/8/2019
DUMMY,Week 46,2019,Out,167.57,152,218.28,False,11/11/2019,11 November 2019,11/17/2019
DUMMY,Week 47,2019,Out,167.57,162,218.28,False,11/18/2019,18 November 2019,11/24/2019
DUMMY,Week 48,2019,Out,167.57,163,218.28,False,11/25/2019,25 November 2019,12/1/2019
DUMMY,Week 51,2019,Out,167.57,166,218.28,False,12/16/2019,16 December 2019,12/22/2019
DUMMY,Week 41,2019,Out,167.57,167,218.28,False,10/7/2019,07 October 2019,10/13/2019
DUMMY,Week 50,2019,Out,167.57,173,218.28,False,12/9/2019,09 December 2019,12/15/2019
DUMMY,Week 4,2019,Out,167.57,174,218.28,False,1/21/2019,21 January 2019,1/27/2019
DUMMY,Week 27,2019,Out,167.57,175,218.28,False,7/1/2019,01 July 2019,7/7/2019
DUMMY,Week 44,2019,Out,167.57,175,218.28,False,10/28/2019,28 October 2019,11/3/2019
DUMMY,Week 38,2019,Out,167.57,176,218.28,False,9/16/2019,16 September 2019,9/22/2019
DUMMY,Week 45,2019,In,167.57,178,218.28,True,11/4/2019,04 November 2019,11/10/2019
DUMMY,Week 37,2019,In,167.57,180,218.28,True,9/9/2019,09 September 2019,9/15/2019
DUMMY,Week 40,2019,In,167.57,182,218.28,True,9/30/2019,30 September 2019,10/6/2019
DUMMY,Week 42,2019,In,167.57,186,218.28,True,10/14/2019,14 October 2019,10/20/2019
DUMMY,Week 8,2019,In,167.57,188,218.28,True,2/18/2019,18 February 2019,2/24/2019
DUMMY,Week 35,2019,In,167.57,189,218.28,True,8/26/2019,26 August 2019,9/1/2019
DUMMY,Week 29,2019,In,167.57,190,218.28,True,7/15/2019,15 July 2019,7/21/2019
DUMMY,Week 30,2019,In,167.57,190,218.28,True,7/22/2019,22 July 2019,7/28/2019
DUMMY,Week 43,2019,In,167.57,190,218.28,True,10/21/2019,21 October 2019,10/27/2019
DUMMY,Week 7,2019,In,167.57,192,218.28,True,2/11/2019,11 February 2019,2/17/2019
DUMMY,Week 2,2019,In,167.57,193,218.28,True,1/7/2019,07 January 2019,1/13/2019
DUMMY,Week 33,2019,In,167.57,196,218.28,True,8/12/2019,12 August 2019,8/18/2019
DUMMY,Week 3,2019,In,167.57,197,218.28,True,1/14/2019,14 January 2019,1/20/2019
DUMMY,Week 9,2019,In,167.57,198,218.28,True,2/25/2019,25 February 2019,3/3/2019
DUMMY,Week 32,2019,In,167.57,201,218.28,True,8/5/2019,05 August 2019,8/11/2019
DUMMY,Week 17,2019,In,167.57,202,218.28,True,4/22/2019,22 April 2019,4/28/2019
DUMMY,Week 19,2019,In,167.57,204,218.28,True,5/6/2019,06 May 2019,5/12/2019
DUMMY,Week 5,2019,In,167.57,207,218.28,True,1/28/2019,28 January 2019,2/3/2019
DUMMY,Week 18,2019,In,167.57,208,218.28,True,4/29/2019,29 April 2019,5/5/2019
DUMMY,Week 21,2019,In,167.57,208,218.28,True,5/20/2019,20 May 2019,5/26/2019
DUMMY,Week 25,2019,In,167.57,208,218.28,True,6/17/2019,17 June 2019,6/23/2019
DUMMY,Week 28,2019,In,167.57,208,218.28,True,7/8/2019,08 July 2019,7/14/2019
DUMMY,Week 6,2019,In,167.57,211,218.28,True,2/4/2019,04 February 2019,2/10/2019
DUMMY,Week 34,2019,In,167.57,211,218.28,True,8/19/2019,19 August 2019,8/25/2019
DUMMY,Week 22,2019,In,167.57,212,218.28,True,5/27/2019,27 May 2019,6/2/2019
DUMMY,Week 15,2019,In,167.57,213,218.28,True,4/8/2019,08 April 2019,4/14/2019
DUMMY,Week 16,2019,In,167.57,216,218.28,True,4/15/2019,15 April 2019,4/21/2019
DUMMY,Week 11,2019,In,167.57,218,218.28,True,3/11/2019,11 March 2019,3/17/2019
DUMMY,Week 12,2019,In,167.57,218,218.28,True,3/18/2019,18 March 2019,3/24/2019
DUMMY,Week 39,2019,In,167.57,218,218.28,True,9/23/2019,23 September 2019,9/29/2019
DUMMY,Week 23,2019,In,167.57,219,218.28,True,6/3/2019,03 June 2019,6/9/2019
DUMMY,Week 24,2019,In,167.57,219,218.28,True,6/10/2019,10 June 2019,6/16/2019
DUMMY,Week 14,2019,In,167.57,220,218.28,True,4/1/2019,01 April 2019,4/7/2019
DUMMY,Week 31,2019,In,167.57,220,218.28,True,7/29/2019,29 July 2019,8/4/2019
DUMMY,Week 10,2019,In,167.57,221,218.28,True,3/4/2019,04 March 2019,3/10/2019
DUMMY,Week 13,2019,In,167.57,222,218.28,True,3/25/2019,25 March 2019,3/31/2019
DUMMY,Week 20,2019,In,167.57,224,218.28,True,5/13/2019,13 May 2019,5/19/2019
DUMMY,Week 26,2019,Out,167.57,240,218.28,False,6/24/2019,24 June 2019,6/30/2019
DUMMY,Week 42,2020,Out,144.71,5,244.32,False,10/12/2020,12 October 2020,10/18/2020
DUMMY,Week 41,2020,Out,144.71,55,244.32,False,10/5/2020,05 October 2020,10/11/2020
DUMMY,Week 4,2020,In,144.71,162,244.32,True,1/20/2020,20 January 2020,1/26/2020
DUMMY,Week 3,2020,In,144.71,164,244.32,True,1/13/2020,13 January 2020,1/19/2020
DUMMY,Week 15,2020,In,144.71,164,244.32,True,4/6/2020,06 April 2020,4/12/2020
DUMMY,Week 20,2020,In,144.71,164,244.32,True,5/11/2020,11 May 2020,5/17/2020
DUMMY,Week 12,2020,In,144.71,165,244.32,True,3/16/2020,16 March 2020,3/22/2020
DUMMY,Week 2,2020,In,144.71,169,244.32,True,1/6/2020,06 January 2020,1/12/2020
DUMMY,Week 10,2020,In,144.71,169,244.32,True,3/2/2020,02 March 2020,3/8/2020
DUMMY,Week 13,2020,In,144.71,175,244.32,True,3/23/2020,23 March 2020,3/29/2020
DUMMY,Week 22,2020,In,144.71,177,244.32,True,5/25/2020,25 May 2020,5/31/2020
DUMMY,Week 16,2020,In,144.71,181,244.32,True,4/13/2020,13 April 2020,4/19/2020
DUMMY,Week 24,2020,In,144.71,181,244.32,True,6/8/2020,08 June 2020,6/14/2020
DUMMY,Week 32,2020,In,144.71,184,244.32,True,8/3/2020,03 August 2020,8/9/2020
DUMMY,Week 19,2020,In,144.71,185,244.32,True,5/4/2020,04 May 2020,5/10/2020
DUMMY,Week 21,2020,In,144.71,185,244.32,True,5/18/2020,18 May 2020,5/24/2020
DUMMY,Week 6,2020,In,144.71,188,244.32,True,2/3/2020,03 February 2020,2/9/2020
DUMMY,Week 17,2020,In,144.71,190,244.32,True,4/20/2020,20 April 2020,4/26/2020
DUMMY,Week 8,2020,In,144.71,191,244.32,True,2/17/2020,17 February 2020,2/23/2020
DUMMY,Week 14,2020,In,144.71,192,244.32,True,3/30/2020,30 March 2020,4/5/2020
DUMMY,Week 5,2020,In,144.71,193,244.32,True,1/27/2020,27 January 2020,2/2/2020
DUMMY,Week 7,2020,In,144.71,193,244.32,True,2/10/2020,10 February 2020,2/16/2020
DUMMY,Week 31,2020,In,144.71,194,244.32,True,7/27/2020,27 July 2020,8/2/2020
DUMMY,Week 33,2020,In,144.71,195,244.32,True,8/10/2020,10 August 2020,8/16/2020
DUMMY,Week 27,2020,In,144.71,200,244.32,True,6/29/2020,29 June 2020,7/5/2020
DUMMY,Week 30,2020,In,144.71,200,244.32,True,7/20/2020,20 July 2020,7/26/2020
DUMMY,Week 9,2020,In,144.71,203,244.32,True,2/24/2020,24 February 2020,3/1/2020
DUMMY,Week 25,2020,In,144.71,204,244.32,True,6/15/2020,15 June 2020,6/21/2020
DUMMY,Week 18,2020,In,144.71,207,244.32,True,4/27/2020,27 April 2020,5/3/2020
DUMMY,Week 11,2020,In,144.71,216,244.32,True,3/9/2020,09 March 2020,3/15/2020
DUMMY,Week 23,2020,In,144.71,219,244.32,True,6/1/2020,01 June 2020,6/7/2020
DUMMY,Week 34,2020,In,144.71,220,244.32,True,8/17/2020,17 August 2020,8/23/2020
DUMMY,Week 29,2020,In,144.71,226,244.32,True,7/13/2020,13 July 2020,7/19/2020
DUMMY,Week 28,2020,In,144.71,235,244.32,True,7/6/2020,06 July 2020,7/12/2020
DUMMY,Week 26,2020,In,144.71,237,244.32,True,6/22/2020,22 June 2020,6/28/2020
DUMMY,Week 37,2020,In,144.71,248,244.32,True,9/7/2020,07 September 2020,9/13/2020
DUMMY,Week 39,2020,Out,144.71,262,244.32,False,9/21/2020,21 September 2020,9/27/2020
DUMMY,Week 36,2020,Out,144.71,264,244.32,False,8/31/2020,31 August 2020,9/6/2020
DUMMY,Week 38,2020,Out,144.71,265,244.32,False,9/14/2020,14 September 2020,9/20/2020
DUMMY,Week 35,2020,Out,144.71,271,244.32,False,8/24/2020,24 August 2020,8/30/2020
DUMMY,Week 40,2020,Out,144.71,277,244.32,False,9/28/2020,28 September 2020,10/4/2020
DUMMY,Week 53,2018,In,171.90,163,265.42,True,12/31/2018,31 December 2018,1/6/2019
DUMMY,Week 1,2018,In,171.90,166,265.42,True,1/1/2018,01 January 2018,1/7/2018
DUMMY,Week 2,2018,In,171.90,167,265.42,True,1/8/2018,08 January 2018,1/14/2018
DUMMY,Week 3,2018,In,171.90,173,265.42,True,1/15/2018,15 January 2018,1/21/2018
DUMMY,Week 46,2018,In,171.90,173,265.42,True,11/12/2018,12 November 2018,11/18/2018
DUMMY,Week 25,2018,In,171.90,174,265.42,True,6/18/2018,18 June 2018,6/24/2018
DUMMY,Week 52,2018,In,171.90,176,265.42,True,12/24/2018,24 December 2018,12/30/2018
DUMMY,Week 41,2018,In,171.90,183,265.42,True,10/8/2018,08 October 2018,10/14/2018
DUMMY,Week 40,2018,In,171.90,187,265.42,True,10/1/2018,01 October 2018,10/7/2018
DUMMY,Week 47,2018,In,171.90,187,265.42,True,11/19/2018,19 November 2018,11/25/2018
DUMMY,Week 45,2018,In,171.90,190,265.42,True,11/5/2018,05 November 2018,11/11/2018
DUMMY,Week 8,2018,In,171.90,192,265.42,True,2/19/2018,19 February 2018,2/25/2018
DUMMY,Week 48,2018,In,171.90,192,265.42,True,11/26/2018,26 November 2018,12/2/2018
DUMMY,Week 22,2018,In,171.90,194,265.42,True,5/28/2018,28 May 2018,6/3/2018
DUMMY,Week 39,2018,In,171.90,196,265.42,True,9/24/2018,24 September 2018,9/30/2018
DUMMY,Week 43,2018,In,171.90,196,265.42,True,10/22/2018,22 October 2018,10/28/2018
DUMMY,Week 50,2018,In,171.90,196,265.42,True,12/10/2018,10 December 2018,12/16/2018
DUMMY,Week 27,2018,In,171.90,201,265.42,True,7/2/2018,02 July 2018,7/8/2018
DUMMY,Week 33,2018,In,171.90,201,265.42,True,8/13/2018,13 August 2018,8/19/2018
DUMMY,Week 6,2018,In,171.90,203,265.42,True,2/5/2018,05 February 2018,2/11/2018
DUMMY,Week 24,2018,In,171.90,206,265.42,True,6/11/2018,11 June 2018,6/17/2018
DUMMY,Week 4,2018,In,171.90,208,265.42,True,1/22/2018,22 January 2018,1/28/2018
DUMMY,Week 28,2018,In,171.90,209,265.42,True,7/9/2018,09 July 2018,7/15/2018
DUMMY,Week 37,2018,In,171.90,211,265.42,True,9/10/2018,10 September 2018,9/16/2018
DUMMY,Week 11,2018,In,171.90,213,265.42,True,3/12/2018,12 March 2018,3/18/2018
DUMMY,Week 26,2018,In,171.90,213,265.42,True,6/25/2018,25 June 2018,7/1/2018
DUMMY,Week 51,2018,In,171.90,214,265.42,True,12/17/2018,17 December 2018,12/23/2018
DUMMY,Week 44,2018,In,171.90,215,265.42,True,10/29/2018,29 October 2018,11/4/2018
DUMMY,Week 15,2018,In,171.90,216,265.42,True,4/9/2018,09 April 2018,4/15/2018
DUMMY,Week 34,2018,In,171.90,217,265.42,True,8/20/2018,20 August 2018,8/26/2018
DUMMY,Week 35,2018,In,171.90,217,265.42,True,8/27/2018,27 August 2018,9/2/2018
DUMMY,Week 42,2018,In,171.90,217,265.42,True,10/15/2018,15 October 2018,10/21/2018
DUMMY,Week 49,2018,In,171.90,217,265.42,True,12/3/2018,03 December 2018,12/9/2018
DUMMY,Week 38,2018,In,171.90,222,265.42,True,9/17/2018,17 September 2018,9/23/2018
DUMMY,Week 32,2018,In,171.90,223,265.42,True,8/6/2018,06 August 2018,8/12/2018
DUMMY,Week 5,2018,In,171.90,226,265.42,True,1/29/2018,29 January 2018,2/4/2018
DUMMY,Week 10,2018,In,171.90,226,265.42,True,3/5/2018,05 March 2018,3/11/2018
DUMMY,Week 29,2018,In,171.90,228,265.42,True,7/16/2018,16 July 2018,7/22/2018
DUMMY,Week 7,2018,In,171.90,229,265.42,True,2/12/2018,12 February 2018,2/18/2018
DUMMY,Week 9,2018,In,171.90,235,265.42,True,2/26/2018,26 February 2018,3/4/2018
DUMMY,Week 31,2018,In,171.90,238,265.42,True,7/30/2018,30 July 2018,8/5/2018
DUMMY,Week 30,2018,In,171.90,239,265.42,True,7/23/2018,23 July 2018,7/29/2018
DUMMY,Week 23,2018,In,171.90,240,265.42,True,6/4/2018,04 June 2018,6/10/2018
DUMMY,Week 36,2018,In,171.90,243,265.42,True,9/3/2018,03 September 2018,9/9/2018
DUMMY,Week 12,2018,In,171.90,245,265.42,True,3/19/2018,19 March 2018,3/25/2018
DUMMY,Week 13,2018,In,171.90,245,265.42,True,3/26/2018,26 March 2018,4/1/2018
DUMMY,Week 20,2018,In,171.90,245,265.42,True,5/14/2018,14 May 2018,5/20/2018
DUMMY,Week 21,2018,In,171.90,245,265.42,True,5/21/2018,21 May 2018,5/27/2018
DUMMY,Week 18,2018,Out,171.90,255,265.42,False,4/30/2018,30 April 2018,5/6/2018
DUMMY,Week 19,2018,Out,171.90,273,265.42,False,5/7/2018,07 May 2018,5/13/2018
DUMMY,Week 17,2018,Out,171.90,277,265.42,False,4/23/2018,23 April 2018,4/29/2018
DUMMY,Week 16,2018,Out,171.90,288,265.42,False,4/16/2018,16 April 2018,4/22/2018
DUMMY,Week 14,2018,Out,171.90,484,265.42,False,4/2/2018,02 April 2018,4/8/2018
DUMMY,Week 52,2019,Out,167.57,118,218.28,False,12/23/2019,23 December 2019,12/29/2019
DUMMY,Week 53,2019,Out,167.57,140,218.28,False,12/30/2019,30 December 2019,1/5/2020
DUMMY,Week 49,2019,Out,167.57,144,218.28,False,12/2/2019,02 December 2019,12/8/2019
DUMMY,Week 36,2019,Out,167.57,150,218.28,False,9/2/2019,02 September 2019,9/8/2019
DUMMY,Week 46,2019,Out,167.57,152,218.28,False,11/11/2019,11 November 2019,11/17/2019
DUMMY,Week 47,2019,Out,167.57,162,218.28,False,11/18/2019,18 November 2019,11/24/2019
DUMMY,Week 48,2019,Out,167.57,163,218.28,False,11/25/2019,25 November 2019,12/1/2019
DUMMY,Week 51,2019,Out,167.57,166,218.28,False,12/16/2019,16 December 2019,12/22/2019
DUMMY,Week 41,2019,Out,167.57,167,218.28,False,10/7/2019,07 October 2019,10/13/2019
DUMMY,Week 50,2019,Out,167.57,173,218.28,False,12/9/2019,09 December 2019,12/15/2019
DUMMY,Week 4,2019,Out,167.57,174,218.28,False,1/21/2019,21 January 2019,1/27/2019
DUMMY,Week 27,2019,Out,167.57,175,218.28,False,7/1/2019,01 July 2019,7/7/2019
DUMMY,Week 44,2019,Out,167.57,175,218.28,False,10/28/2019,28 October 2019,11/3/2019
DUMMY,Week 38,2019,Out,167.57,176,218.28,False,9/16/2019,16 September 2019,9/22/2019
DUMMY,Week 45,2019,In,167.57,178,218.28,True,11/4/2019,04 November 2019,11/10/2019
DUMMY,Week 37,2019,In,167.57,180,218.28,True,9/9/2019,09 September 2019,9/15/2019
DUMMY,Week 40,2019,In,167.57,182,218.28,True,9/30/2019,30 September 2019,10/6/2019
DUMMY,Week 42,2019,In,167.57,186,218.28,True,10/14/2019,14 October 2019,10/20/2019
DUMMY,Week 8,2019,In,167.57,188,218.28,True,2/18/2019,18 February 2019,2/24/2019
DUMMY,Week 35,2019,In,167.57,189,218.28,True,8/26/2019,26 August 2019,9/1/2019
DUMMY,Week 29,2019,In,167.57,190,218.28,True,7/15/2019,15 July 2019,7/21/2019
DUMMY,Week 30,2019,In,167.57,190,218.28,True,7/22/2019,22 July 2019,7/28/2019
DUMMY,Week 43,2019,In,167.57,190,218.28,True,10/21/2019,21 October 2019,10/27/2019
DUMMY,Week 7,2019,In,167.57,192,218.28,True,2/11/2019,11 February 2019,2/17/2019
DUMMY,Week 2,2019,In,167.57,193,218.28,True,1/7/2019,07 January 2019,1/13/2019
DUMMY,Week 33,2019,In,167.57,196,218.28,True,8/12/2019,12 August 2019,8/18/2019
DUMMY,Week 3,2019,In,167.57,197,218.28,True,1/14/2019,14 January 2019,1/20/2019
DUMMY,Week 9,2019,In,167.57,198,218.28,True,2/25/2019,25 February 2019,3/3/2019
DUMMY,Week 32,2019,In,167.57,201,218.28,True,8/5/2019,05 August 2019,8/11/2019
DUMMY,Week 17,2019,In,167.57,202,218.28,True,4/22/2019,22 April 2019,4/28/2019
DUMMY,Week 19,2019,In,167.57,204,218.28,True,5/6/2019,06 May 2019,5/12/2019
DUMMY,Week 5,2019,In,167.57,207,218.28,True,1/28/2019,28 January 2019,2/3/2019
DUMMY,Week 18,2019,In,167.57,208,218.28,True,4/29/2019,29 April 2019,5/5/2019
DUMMY,Week 21,2019,In,167.57,208,218.28,True,5/20/2019,20 May 2019,5/26/2019
DUMMY,Week 25,2019,In,167.57,208,218.28,True,6/17/2019,17 June 2019,6/23/2019
DUMMY,Week 28,2019,In,167.57,208,218.28,True,7/8/2019,08 July 2019,7/14/2019
DUMMY,Week 6,2019,In,167.57,211,218.28,True,2/4/2019,04 February 2019,2/10/2019
DUMMY,Week 34,2019,In,167.57,211,218.28,True,8/19/2019,19 August 2019,8/25/2019
DUMMY,Week 22,2019,In,167.57,212,218.28,True,5/27/2019,27 May 2019,6/2/2019
DUMMY,Week 15,2019,In,167.57,213,218.28,True,4/8/2019,08 April 2019,4/14/2019
DUMMY,Week 16,2019,In,167.57,216,218.28,True,4/15/2019,15 April 2019,4/21/2019
DUMMY,Week 11,2019,In,167.57,218,218.28,True,3/11/2019,11 March 2019,3/17/2019
DUMMY,Week 12,2019,In,167.57,218,218.28,True,3/18/2019,18 March 2019,3/24/2019
DUMMY,Week 39,2019,In,167.57,218,218.28,True,9/23/2019,23 September 2019,9/29/2019
DUMMY,Week 23,2019,In,167.57,219,218.28,True,6/3/2019,03 June 2019,6/9/2019
DUMMY,Week 24,2019,In,167.57,219,218.28,True,6/10/2019,10 June 2019,6/16/2019
DUMMY,Week 14,2019,In,167.57,220,218.28,True,4/1/2019,01 April 2019,4/7/2019
DUMMY,Week 31,2019,In,167.57,220,218.28,True,7/29/2019,29 July 2019,8/4/2019
DUMMY,Week 10,2019,In,167.57,221,218.28,True,3/4/2019,04 March 2019,3/10/2019
DUMMY,Week 13,2019,In,167.57,222,218.28,True,3/25/2019,25 March 2019,3/31/2019
DUMMY,Week 20,2019,In,167.57,224,218.28,True,5/13/2019,13 May 2019,5/19/2019
DUMMY,Week 26,2019,Out,167.57,240,218.28,False,6/24/2019,24 June 2019,6/30/2019
DUMMY,Week 42,2020,Out,144.71,5,244.32,False,10/12/2020,12 October 2020,10/18/2020
DUMMY,Week 41,2020,Out,144.71,55,244.32,False,10/5/2020,05 October 2020,10/11/2020
DUMMY,Week 4,2020,In,144.71,162,244.32,True,1/20/2020,20 January 2020,1/26/2020
DUMMY,Week 3,2020,In,144.71,164,244.32,True,1/13/2020,13 January 2020,1/19/2020
DUMMY,Week 15,2020,In,144.71,164,244.32,True,4/6/2020,06 April 2020,4/12/2020
DUMMY,Week 20,2020,In,144.71,164,244.32,True,5/11/2020,11 May 2020,5/17/2020
DUMMY,Week 12,2020,In,144.71,165,244.32,True,3/16/2020,16 March 2020,3/22/2020
DUMMY,Week 2,2020,In,144.71,169,244.32,True,1/6/2020,06 January 2020,1/12/2020
DUMMY,Week 10,2020,In,144.71,169,244.32,True,3/2/2020,02 March 2020,3/8/2020
DUMMY,Week 13,2020,In,144.71,175,244.32,True,3/23/2020,23 March 2020,3/29/2020
DUMMY,Week 22,2020,In,144.71,177,244.32,True,5/25/2020,25 May 2020,5/31/2020
DUMMY,Week 16,2020,In,144.71,181,244.32,True,4/13/2020,13 April 2020,4/19/2020
DUMMY,Week 24,2020,In,144.71,181,244.32,True,6/8/2020,08 June 2020,6/14/2020
DUMMY,Week 32,2020,In,144.71,184,244.32,True,8/3/2020,03 August 2020,8/9/2020
DUMMY,Week 19,2020,In,144.71,185,244.32,True,5/4/2020,04 May 2020,5/10/2020
DUMMY,Week 21,2020,In,144.71,185,244.32,True,5/18/2020,18 May 2020,5/24/2020
DUMMY,Week 6,2020,In,144.71,188,244.32,True,2/3/2020,03 February 2020,2/9/2020
DUMMY,Week 17,2020,In,144.71,190,244.32,True,4/20/2020,20 April 2020,4/26/2020
DUMMY,Week 8,2020,In,144.71,191,244.32,True,2/17/2020,17 February 2020,2/23/2020
DUMMY,Week 14,2020,In,144.71,192,244.32,True,3/30/2020,30 March 2020,4/5/2020
DUMMY,Week 5,2020,In,144.71,193,244.32,True,1/27/2020,27 January 2020,2/2/2020
DUMMY,Week 7,2020,In,144.71,193,244.32,True,2/10/2020,10 February 2020,2/16/2020
DUMMY,Week 31,2020,In,144.71,194,244.32,True,7/27/2020,27 July 2020,8/2/2020
DUMMY,Week 33,2020,In,144.71,195,244.32,True,8/10/2020,10 August 2020,8/16/2020
DUMMY,Week 27,2020,In,144.71,200,244.32,True,6/29/2020,29 June 2020,7/5/2020
DUMMY,Week 30,2020,In,144.71,200,244.32,True,7/20/2020,20 July 2020,7/26/2020
DUMMY,Week 9,2020,In,144.71,203,244.32,True,2/24/2020,24 February 2020,3/1/2020
DUMMY,Week 25,2020,In,144.71,204,244.32,True,6/15/2020,15 June 2020,6/21/2020
DUMMY,Week 18,2020,In,144.71,207,244.32,True,4/27/2020,27 April 2020,5/3/2020
DUMMY,Week 11,2020,In,144.71,216,244.32,True,3/9/2020,09 March 2020,3/15/2020
DUMMY,Week 23,2020,In,144.71,219,244.32,True,6/1/2020,01 June 2020,6/7/2020
DUMMY,Week 34,2020,In,144.71,220,244.32,True,8/17/2020,17 August 2020,8/23/2020
DUMMY,Week 29,2020,In,144.71,226,244.32,True,7/13/2020,13 July 2020,7/19/2020
DUMMY,Week 28,2020,In,144.71,235,244.32,True,7/6/2020,06 July 2020,7/12/2020
DUMMY,Week 26,2020,In,144.71,237,244.32,True,6/22/2020,22 June 2020,6/28/2020
DUMMY,Week 37,2020,In,144.71,248,244.32,True,9/7/2020,07 September 2020,9/13/2020
DUMMY,Week 39,2020,Out,144.71,262,244.32,False,9/21/2020,21 September 2020,9/27/2020
DUMMY,Week 36,2020,Out,144.71,264,244.32,False,8/31/2020,31 August 2020,9/6/2020
DUMMY,Week 38,2020,Out,144.71,265,244.32,False,9/14/2020,14 September 2020,9/20/2020
DUMMY,Week 35,2020,Out,144.71,271,244.32,False,8/24/2020,24 August 2020,8/30/2020
DUMMY,Week 40,2020,Out,144.71,277,244.32,False,9/28/2020,28 September 2020,10/4/2020
