Dummy,Week Number,Year,Avg Complaints Per Year,In or Out of Upper or Lower Limits?,Lower Limit,Number of Complaints,Upper Limit,Within STD Limits?,Date From,Date to Plot,Date To
DUMMY,2,2020,195.29,In,97.77,175,292.82,True,06/01/2020,06 January 2020,12/01/2020
DUMMY,3,2020,195.29,In,97.77,165,292.82,True,13/01/2020,13 January 2020,19/01/2020
DUMMY,4,2020,195.29,In,97.77,155,292.82,True,20/01/2020,20 January 2020,26/01/2020
DUMMY,5,2020,195.29,In,97.77,189,292.82,True,27/01/2020,27 January 2020,02/02/2020
DUMMY,6,2020,195.29,In,97.77,193,292.82,True,03/02/2020,03 February 2020,09/02/2020
DUMMY,7,2020,195.29,In,97.77,201,292.82,True,10/02/2020,10 February 2020,16/02/2020
DUMMY,8,2020,195.29,In,97.77,177,292.82,True,17/02/2020,17 February 2020,23/02/2020
DUMMY,9,2020,195.29,In,97.77,213,292.82,True,24/02/2020,24 February 2020,01/03/2020
DUMMY,10,2020,195.29,In,97.77,182,292.82,True,02/03/2020,02 March 2020,08/03/2020
DUMMY,11,2020,195.29,In,97.77,204,292.82,True,09/03/2020,09 March 2020,15/03/2020
DUMMY,12,2020,195.29,In,97.77,172,292.82,True,16/03/2020,16 March 2020,22/03/2020
DUMMY,13,2020,195.29,In,97.77,171,292.82,True,23/03/2020,23 March 2020,29/03/2020
DUMMY,14,2020,195.29,In,97.77,188,292.82,True,30/03/2020,30 March 2020,05/04/2020
DUMMY,15,2020,195.29,In,97.77,177,292.82,True,06/04/2020,06 April 2020,12/04/2020
DUMMY,16,2020,195.29,In,97.77,182,292.82,True,13/04/2020,13 April 2020,19/04/2020
DUMMY,17,2020,195.29,In,97.77,194,292.82,True,20/04/2020,20 April 2020,26/04/2020
DUMMY,18,2020,195.29,In,97.77,199,292.82,True,27/04/2020,27 April 2020,03/05/2020
DUMMY,19,2020,195.29,In,97.77,183,292.82,True,04/05/2020,04 May 2020,10/05/2020
DUMMY,20,2020,195.29,In,97.77,161,292.82,True,11/05/2020,11 May 2020,17/05/2020
DUMMY,21,2020,195.29,In,97.77,186,292.82,True,18/05/2020,18 May 2020,24/05/2020
DUMMY,22,2020,195.29,In,97.77,180,292.82,True,25/05/2020,25 May 2020,31/05/2020
DUMMY,23,2020,195.29,In,97.77,217,292.82,True,01/06/2020,01 June 2020,07/06/2020
DUMMY,24,2020,195.29,In,97.77,181,292.82,True,08/06/2020,08 June 2020,14/06/2020
DUMMY,25,2020,195.29,In,97.77,193,292.82,True,15/06/2020,15 June 2020,21/06/2020
DUMMY,26,2020,195.29,In,97.77,231,292.82,True,22/06/2020,22 June 2020,28/06/2020
DUMMY,27,2020,195.29,In,97.77,196,292.82,True,29/06/2020,29 June 2020,05/07/2020
DUMMY,28,2020,195.29,In,97.77,235,292.82,True,06/07/2020,06 July 2020,12/07/2020
DUMMY,29,2020,195.29,In,97.77,229,292.82,True,13/07/2020,13 July 2020,19/07/2020
DUMMY,30,2020,195.29,In,97.77,210,292.82,True,20/07/2020,20 July 2020,26/07/2020
DUMMY,31,2020,195.29,In,97.77,190,292.82,True,27/07/2020,27 July 2020,02/08/2020
DUMMY,32,2020,195.29,In,97.77,175,292.82,True,03/08/2020,03 August 2020,09/08/2020
DUMMY,33,2020,195.29,In,97.77,208,292.82,True,10/08/2020,10 August 2020,16/08/2020
DUMMY,34,2020,195.29,In,97.77,213,292.82,True,17/08/2020,17 August 2020,23/08/2020
DUMMY,35,2020,195.29,In,97.77,262,292.82,True,24/08/2020,24 August 2020,30/08/2020
DUMMY,36,2020,195.29,In,97.77,248,292.82,True,31/08/2020,31 August 2020,06/09/2020
DUMMY,37,2020,195.29,In,97.77,263,292.82,True,07/09/2020,07 September 2020,13/09/2020
DUMMY,38,2020,195.29,In,97.77,270,292.82,True,14/09/2020,14 September 2020,20/09/2020
DUMMY,39,2020,195.29,In,97.77,284,292.82,True,21/09/2020,21 September 2020,27/09/2020
DUMMY,40,2020,195.29,In,97.77,275,292.82,True,28/09/2020,28 September 2020,04/10/2020
DUMMY,41,2020,195.29,Out,97.77,73,292.82,False,05/10/2020,05 October 2020,11/10/2020
DUMMY,42,2020,195.29,Out,97.77,7,292.82,False,12/10/2020,12 October 2020,18/10/2020
DUMMY,2,2020,195.29,In,97.77,175,292.82,True,06/01/2020,06 January 2020,12/01/2020
DUMMY,3,2020,195.29,In,97.77,165,292.82,True,13/01/2020,13 January 2020,19/01/2020
DUMMY,4,2020,195.29,In,97.77,155,292.82,True,20/01/2020,20 January 2020,26/01/2020
DUMMY,5,2020,195.29,In,97.77,189,292.82,True,27/01/2020,27 January 2020,02/02/2020
DUMMY,6,2020,195.29,In,97.77,193,292.82,True,03/02/2020,03 February 2020,09/02/2020
DUMMY,7,2020,195.29,In,97.77,201,292.82,True,10/02/2020,10 February 2020,16/02/2020
DUMMY,8,2020,195.29,In,97.77,177,292.82,True,17/02/2020,17 February 2020,23/02/2020
DUMMY,9,2020,195.29,In,97.77,213,292.82,True,24/02/2020,24 February 2020,01/03/2020
DUMMY,10,2020,195.29,In,97.77,182,292.82,True,02/03/2020,02 March 2020,08/03/2020
DUMMY,11,2020,195.29,In,97.77,204,292.82,True,09/03/2020,09 March 2020,15/03/2020
DUMMY,12,2020,195.29,In,97.77,172,292.82,True,16/03/2020,16 March 2020,22/03/2020
DUMMY,13,2020,195.29,In,97.77,171,292.82,True,23/03/2020,23 March 2020,29/03/2020
DUMMY,14,2020,195.29,In,97.77,188,292.82,True,30/03/2020,30 March 2020,05/04/2020
DUMMY,15,2020,195.29,In,97.77,177,292.82,True,06/04/2020,06 April 2020,12/04/2020
DUMMY,16,2020,195.29,In,97.77,182,292.82,True,13/04/2020,13 April 2020,19/04/2020
DUMMY,17,2020,195.29,In,97.77,194,292.82,True,20/04/2020,20 April 2020,26/04/2020
DUMMY,18,2020,195.29,In,97.77,199,292.82,True,27/04/2020,27 April 2020,03/05/2020
DUMMY,19,2020,195.29,In,97.77,183,292.82,True,04/05/2020,04 May 2020,10/05/2020
DUMMY,20,2020,195.29,In,97.77,161,292.82,True,11/05/2020,11 May 2020,17/05/2020
DUMMY,21,2020,195.29,In,97.77,186,292.82,True,18/05/2020,18 May 2020,24/05/2020
DUMMY,22,2020,195.29,In,97.77,180,292.82,True,25/05/2020,25 May 2020,31/05/2020
DUMMY,23,2020,195.29,In,97.77,217,292.82,True,01/06/2020,01 June 2020,07/06/2020
DUMMY,24,2020,195.29,In,97.77,181,292.82,True,08/06/2020,08 June 2020,14/06/2020
DUMMY,25,2020,195.29,In,97.77,193,292.82,True,15/06/2020,15 June 2020,21/06/2020
DUMMY,26,2020,195.29,In,97.77,231,292.82,True,22/06/2020,22 June 2020,28/06/2020
DUMMY,27,2020,195.29,In,97.77,196,292.82,True,29/06/2020,29 June 2020,05/07/2020
DUMMY,28,2020,195.29,In,97.77,235,292.82,True,06/07/2020,06 July 2020,12/07/2020
DUMMY,29,2020,195.29,In,97.77,229,292.82,True,13/07/2020,13 July 2020,19/07/2020
DUMMY,30,2020,195.29,In,97.77,210,292.82,True,20/07/2020,20 July 2020,26/07/2020
DUMMY,31,2020,195.29,In,97.77,190,292.82,True,27/07/2020,27 July 2020,02/08/2020
DUMMY,32,2020,195.29,In,97.77,175,292.82,True,03/08/2020,03 August 2020,09/08/2020
DUMMY,33,2020,195.29,In,97.77,208,292.82,True,10/08/2020,10 August 2020,16/08/2020
DUMMY,34,2020,195.29,In,97.77,213,292.82,True,17/08/2020,17 August 2020,23/08/2020
DUMMY,35,2020,195.29,In,97.77,262,292.82,True,24/08/2020,24 August 2020,30/08/2020
DUMMY,36,2020,195.29,In,97.77,248,292.82,True,31/08/2020,31 August 2020,06/09/2020
DUMMY,37,2020,195.29,In,97.77,263,292.82,True,07/09/2020,07 September 2020,13/09/2020
DUMMY,38,2020,195.29,In,97.77,270,292.82,True,14/09/2020,14 September 2020,20/09/2020
DUMMY,39,2020,195.29,In,97.77,284,292.82,True,21/09/2020,21 September 2020,27/09/2020
DUMMY,40,2020,195.29,In,97.77,275,292.82,True,28/09/2020,28 September 2020,04/10/2020
DUMMY,41,2020,195.29,Out,97.77,73,292.82,False,05/10/2020,05 October 2020,11/10/2020
DUMMY,42,2020,195.29,Out,97.77,7,292.82,False,12/10/2020,12 October 2020,18/10/2020
