Day of Order Date,Measure Names,Month of Order Date,Quarter of Order Date,Measure Values
"June 1, 2020",Profit,June,Q2,"1,295.5061"
"June 1, 2020",Running Profit along Day of Order Date,June,Q2,"1,295.5061"
"June 1, 2020",Profit for Month,June,Q2,"8,223.3357"
"June 1, 2020",Max Monthly Profit in Year,June,Q2,"14,751.8915"
"June 1, 2020",Actual Profit,June,Q2,"1,295.5061"
"June 1, 2020",Running Actual Profit,June,Q2,"1,295.5061"
"June 2, 2020",Profit,June,Q2,38.5265
"June 2, 2020",Running Profit along Day of Order Date,June,Q2,"1,334.0326"
"June 2, 2020",Profit for Month,June,Q2,"8,223.3357"
"June 2, 2020",Max Monthly Profit in Year,June,Q2,"14,751.8915"
"June 2, 2020",Actual Profit,June,Q2,38.5265
"June 2, 2020",Running Actual Profit,June,Q2,"1,334.0326"
"June 3, 2020",Profit,June,Q2,384.1454
"June 3, 2020",Running Profit along Day of Order Date,June,Q2,"1,718.178"
"June 3, 2020",Profit for Month,June,Q2,"8,223.3357"
"June 3, 2020",Max Monthly Profit in Year,June,Q2,"14,751.8915"
"June 3, 2020",Actual Profit,June,Q2,384.1454
"June 3, 2020",Running Actual Profit,June,Q2,"1,718.178"
"June 4, 2020",Profit,June,Q2,66.7452
"June 4, 2020",Running Profit along Day of Order Date,June,Q2,"1,784.9232"
"June 4, 2020",Profit for Month,June,Q2,"8,223.3357"
"June 4, 2020",Max Monthly Profit in Year,June,Q2,"14,751.8915"
"June 4, 2020",Actual Profit,June,Q2,66.7452
"June 4, 2020",Running Actual Profit,June,Q2,"1,784.9232"
"June 5, 2020",Profit,June,Q2,60.1749
"June 5, 2020",Running Profit along Day of Order Date,June,Q2,"1,845.0981"
"June 5, 2020",Profit for Month,June,Q2,"8,223.3357"
"June 5, 2020",Max Monthly Profit in Year,June,Q2,"14,751.8915"
"June 5, 2020",Actual Profit,June,Q2,60.1749
"June 5, 2020",Running Actual Profit,June,Q2,"1,845.0981"
"June 6, 2020",Profit,June,Q2,2.178
"June 6, 2020",Running Profit along Day of Order Date,June,Q2,"1,847.2761"
"June 6, 2020",Profit for Month,June,Q2,"8,223.3357"
"June 6, 2020",Max Monthly Profit in Year,June,Q2,"14,751.8915"
"June 6, 2020",Actual Profit,June,Q2,2.178
"June 6, 2020",Running Actual Profit,June,Q2,"1,847.2761"
"June 7, 2020",Profit,June,Q2,
"June 7, 2020",Running Profit along Day of Order Date,June,Q2,"1,847.2761"
"June 7, 2020",Profit for Month,June,Q2,
"June 7, 2020",Max Monthly Profit in Year,June,Q2,
"June 7, 2020",Actual Profit,June,Q2,0
"June 7, 2020",Running Actual Profit,June,Q2,"1,847.2761"
"June 8, 2020",Profit,June,Q2,134.1619
"June 8, 2020",Running Profit along Day of Order Date,June,Q2,"1,981.438"
"June 8, 2020",Profit for Month,June,Q2,"8,223.3357"
"June 8, 2020",Max Monthly Profit in Year,June,Q2,"14,751.8915"
"June 8, 2020",Actual Profit,June,Q2,134.1619
"June 8, 2020",Running Actual Profit,June,Q2,"1,981.438"
"June 9, 2020",Profit,June,Q2,2.227300000
"June 9, 2020",Running Profit along Day of Order Date,June,Q2,"1,983.6653"
"June 9, 2020",Profit for Month,June,Q2,"8,223.3357"
"June 9, 2020",Max Monthly Profit in Year,June,Q2,"14,751.8915"
"June 9, 2020",Actual Profit,June,Q2,2.227300000
"June 9, 2020",Running Actual Profit,June,Q2,"1,983.6653"
"June 10, 2020",Profit,June,Q2,186.4923
"June 10, 2020",Running Profit along Day of Order Date,June,Q2,"2,170.1576"
"June 10, 2020",Profit for Month,June,Q2,"8,223.3357"
"June 10, 2020",Max Monthly Profit in Year,June,Q2,"14,751.8915"
"June 10, 2020",Actual Profit,June,Q2,186.4923
"June 10, 2020",Running Actual Profit,June,Q2,"2,170.1576"
"June 11, 2020",Profit,June,Q2,274.9412
"June 11, 2020",Running Profit along Day of Order Date,June,Q2,"2,445.0988"
"June 11, 2020",Profit for Month,June,Q2,"8,223.3357"
"June 11, 2020",Max Monthly Profit in Year,June,Q2,"14,751.8915"
"June 11, 2020",Actual Profit,June,Q2,274.9412
"June 11, 2020",Running Actual Profit,June,Q2,"2,445.0988"
"June 12, 2020",Profit,June,Q2,314.9144
"June 12, 2020",Running Profit along Day of Order Date,June,Q2,"2,760.0132"
"June 12, 2020",Profit for Month,June,Q2,"8,223.3357"
"June 12, 2020",Max Monthly Profit in Year,June,Q2,"14,751.8915"
"June 12, 2020",Actual Profit,June,Q2,314.9144
"June 12, 2020",Running Actual Profit,June,Q2,"2,760.0132"
"June 13, 2020",Profit,June,Q2,-95.0222
"June 13, 2020",Running Profit along Day of Order Date,June,Q2,"2,664.991"
"June 13, 2020",Profit for Month,June,Q2,"8,223.3357"
"June 13, 2020",Max Monthly Profit in Year,June,Q2,"14,751.8915"
"June 13, 2020",Actual Profit,June,Q2,-95.0222
"June 13, 2020",Running Actual Profit,June,Q2,"2,664.991"
"June 14, 2020",Profit,June,Q2,
"June 14, 2020",Running Profit along Day of Order Date,June,Q2,"2,664.991"
"June 14, 2020",Profit for Month,June,Q2,
"June 14, 2020",Max Monthly Profit in Year,June,Q2,
"June 14, 2020",Actual Profit,June,Q2,0
"June 14, 2020",Running Actual Profit,June,Q2,"2,664.991"
"June 15, 2020",Profit,June,Q2,404.4218
"June 15, 2020",Running Profit along Day of Order Date,June,Q2,"3,069.4128"
"June 15, 2020",Profit for Month,June,Q2,"8,223.3357"
"June 15, 2020",Max Monthly Profit in Year,June,Q2,"14,751.8915"
"June 15, 2020",Actual Profit,June,Q2,404.4218
"June 15, 2020",Running Actual Profit,June,Q2,"3,069.4128"
"June 16, 2020",Profit,June,Q2,521.365
"June 16, 2020",Running Profit along Day of Order Date,June,Q2,"3,590.7778"
"June 16, 2020",Profit for Month,June,Q2,"8,223.3357"
"June 16, 2020",Max Monthly Profit in Year,June,Q2,"14,751.8915"
"June 16, 2020",Actual Profit,June,Q2,521.365
"June 16, 2020",Running Actual Profit,June,Q2,"3,590.7778"
"June 17, 2020",Profit,June,Q2,"1,696.4659"
"June 17, 2020",Running Profit along Day of Order Date,June,Q2,"5,287.2437"
"June 17, 2020",Profit for Month,June,Q2,"8,223.3357"
"June 17, 2020",Max Monthly Profit in Year,June,Q2,"14,751.8915"
"June 17, 2020",Actual Profit,June,Q2,"1,696.4659"
"June 17, 2020",Running Actual Profit,June,Q2,"5,287.2437"
"June 18, 2020",Profit,June,Q2,117.8799
"June 18, 2020",Running Profit along Day of Order Date,June,Q2,"5,405.1236"
"June 18, 2020",Profit for Month,June,Q2,"8,223.3357"
"June 18, 2020",Max Monthly Profit in Year,June,Q2,"14,751.8915"
"June 18, 2020",Actual Profit,June,Q2,117.8799
"June 18, 2020",Running Actual Profit,June,Q2,"5,405.1236"
"June 19, 2020",Profit,June,Q2,-22.034600000
"June 19, 2020",Running Profit along Day of Order Date,June,Q2,"5,383.089"
"June 19, 2020",Profit for Month,June,Q2,"8,223.3357"
"June 19, 2020",Max Monthly Profit in Year,June,Q2,"14,751.8915"
"June 19, 2020",Actual Profit,June,Q2,-22.034600000
"June 19, 2020",Running Actual Profit,June,Q2,"5,383.089"
"June 20, 2020",Profit,June,Q2,263.752
"June 20, 2020",Running Profit along Day of Order Date,June,Q2,"5,646.841"
"June 20, 2020",Profit for Month,June,Q2,"8,223.3357"
"June 20, 2020",Max Monthly Profit in Year,June,Q2,"14,751.8915"
"June 20, 2020",Actual Profit,June,Q2,263.752
"June 20, 2020",Running Actual Profit,June,Q2,"5,646.841"
"June 21, 2020",Profit,June,Q2,230.9592
"June 21, 2020",Running Profit along Day of Order Date,June,Q2,"5,877.8002"
"June 21, 2020",Profit for Month,June,Q2,"8,223.3357"
"June 21, 2020",Max Monthly Profit in Year,June,Q2,"14,751.8915"
"June 21, 2020",Actual Profit,June,Q2,230.9592
"June 21, 2020",Running Actual Profit,June,Q2,"5,877.8002"
"June 22, 2020",Profit,June,Q2,123.2786
"June 22, 2020",Running Profit along Day of Order Date,June,Q2,"6,001.0788"
"June 22, 2020",Profit for Month,June,Q2,"8,223.3357"
"June 22, 2020",Max Monthly Profit in Year,June,Q2,"14,751.8915"
"June 22, 2020",Actual Profit,June,Q2,123.2786
"June 22, 2020",Running Actual Profit,June,Q2,"6,001.0788"
"June 23, 2020",Profit,June,Q2,
"June 23, 2020",Running Profit along Day of Order Date,June,Q2,"6,001.0788"
"June 23, 2020",Profit for Month,June,Q2,
"June 23, 2020",Max Monthly Profit in Year,June,Q2,
"June 23, 2020",Actual Profit,June,Q2,0
"June 23, 2020",Running Actual Profit,June,Q2,"6,001.0788"
"June 24, 2020",Profit,June,Q2,-28.523400000
"June 24, 2020",Running Profit along Day of Order Date,June,Q2,"5,972.5554"
"June 24, 2020",Profit for Month,June,Q2,"8,223.3357"
"June 24, 2020",Max Monthly Profit in Year,June,Q2,"14,751.8915"
"June 24, 2020",Actual Profit,June,Q2,-28.523400000
"June 24, 2020",Running Actual Profit,June,Q2,"5,972.5554"
"June 25, 2020",Profit,June,Q2,185.0875
"June 25, 2020",Running Profit along Day of Order Date,June,Q2,"6,157.6429"
"June 25, 2020",Profit for Month,June,Q2,"8,223.3357"
"June 25, 2020",Max Monthly Profit in Year,June,Q2,"14,751.8915"
"June 25, 2020",Actual Profit,June,Q2,185.0875
"June 25, 2020",Running Actual Profit,June,Q2,"6,157.6429"
"June 26, 2020",Profit,June,Q2,705.2894
"June 26, 2020",Running Profit along Day of Order Date,June,Q2,"6,862.9323"
"June 26, 2020",Profit for Month,June,Q2,"8,223.3357"
"June 26, 2020",Max Monthly Profit in Year,June,Q2,"14,751.8915"
"June 26, 2020",Actual Profit,June,Q2,705.2894
"June 26, 2020",Running Actual Profit,June,Q2,"6,862.9323"
"June 27, 2020",Profit,June,Q2,335.5359
"June 27, 2020",Running Profit along Day of Order Date,June,Q2,"7,198.4682"
"June 27, 2020",Profit for Month,June,Q2,"8,223.3357"
"June 27, 2020",Max Monthly Profit in Year,June,Q2,"14,751.8915"
"June 27, 2020",Actual Profit,June,Q2,335.5359
"June 27, 2020",Running Actual Profit,June,Q2,"7,198.4682"
"June 28, 2020",Profit,June,Q2,
"June 28, 2020",Running Profit along Day of Order Date,June,Q2,"7,198.4682"
"June 28, 2020",Profit for Month,June,Q2,
"June 28, 2020",Max Monthly Profit in Year,June,Q2,
"June 28, 2020",Actual Profit,June,Q2,0
"June 28, 2020",Running Actual Profit,June,Q2,"7,198.4682"
"June 29, 2020",Profit,June,Q2,889.2002
"June 29, 2020",Running Profit along Day of Order Date,June,Q2,"8,087.6684"
"June 29, 2020",Profit for Month,June,Q2,"8,223.3357"
"June 29, 2020",Max Monthly Profit in Year,June,Q2,"14,751.8915"
"June 29, 2020",Actual Profit,June,Q2,889.2002
"June 29, 2020",Running Actual Profit,June,Q2,"8,087.6684"
"June 30, 2020",Profit,June,Q2,135.6673
"June 30, 2020",Running Profit along Day of Order Date,June,Q2,"8,223.3357"
"June 30, 2020",Profit for Month,June,Q2,"8,223.3357"
"June 30, 2020",Max Monthly Profit in Year,June,Q2,"14,751.8915"
"June 30, 2020",Actual Profit,June,Q2,135.6673
"June 30, 2020",Running Actual Profit,June,Q2,"8,223.3357"
All,Profit,June,Q2,"8,223.3357"
All,Running Profit along Day of Order Date,June,Q2,"8,223.3357"
All,Profit for Month,June,Q2,"8,223.3357"
All,Max Monthly Profit in Year,June,Q2,"14,751.8915"
All,Actual Profit,June,Q2,"8,223.3357"
All,Running Actual Profit,June,Q2,"8,223.3357"
