Customer Name,Display Total Orders,Order Date,Order ID,90-Day Reorder Rate,Connection Duration,Days Since Previous Order,Previous Order Date,Reorder Within 90 Days,Order Date,Min. Order Date,Total Orders
Noel Staavos,13,6/25/2016,CA-2016-159338,67%,,,,,6/25/2016,6/25/2016,13
Noel Staavos,13,3/9/2017,CA-2017-123155,67%,-257,257,6/25/2016,0,3/9/2017,3/9/2017,13
Noel Staavos,13,8/7/2017,CA-2017-163895,67%,-151,151,3/9/2017,0,8/7/2017,8/7/2017,13
Noel Staavos,13,8/7/2017,US-2017-117492,67%,0,0,8/7/2017,1,8/7/2017,8/7/2017,13
Noel Staavos,13,10/20/2017,US-2017-160563,67%,-74,74,8/7/2017,1,10/20/2017,10/20/2017,13
Noel Staavos,13,11/8/2017,CA-2017-108259,67%,-19,19,10/20/2017,1,11/8/2017,11/8/2017,13
Noel Staavos,13,2/2/2018,CA-2018-144645,67%,-86,86,11/8/2017,1,2/2/2018,2/2/2018,13
Noel Staavos,13,12/11/2018,CA-2018-162187,67%,-312,312,2/2/2018,0,12/11/2018,12/11/2018,13
Noel Staavos,13,12/12/2018,CA-2018-169824,67%,-1,1,12/11/2018,1,12/12/2018,12/12/2018,13
Noel Staavos,13,12/17/2018,CA-2018-131639,67%,-5,5,12/12/2018,1,12/17/2018,12/17/2018,13
Noel Staavos,13,4/15/2019,CA-2019-134635,67%,-119,119,12/17/2018,0,4/15/2019,4/15/2019,13
Noel Staavos,13,6/5/2019,CA-2019-141614,67%,-51,51,4/15/2019,1,6/5/2019,6/5/2019,13
Noel Staavos,13,7/9/2019,CA-2019-115651,67%,-34,34,6/5/2019,1,7/9/2019,7/9/2019,13
Noel Staavos,13,6/25/2016,CA-2016-159338,67%,,,,,6/25/2016,6/25/2016,13
Noel Staavos,13,3/9/2017,CA-2017-123155,67%,-257,257,6/25/2016,0,3/9/2017,3/9/2017,13
Noel Staavos,13,8/7/2017,CA-2017-163895,67%,-151,151,3/9/2017,0,8/7/2017,8/7/2017,13
Noel Staavos,13,8/7/2017,US-2017-117492,67%,0,0,8/7/2017,1,8/7/2017,8/7/2017,13
Noel Staavos,13,10/20/2017,US-2017-160563,67%,-74,74,8/7/2017,1,10/20/2017,10/20/2017,13
Noel Staavos,13,11/8/2017,CA-2017-108259,67%,-19,19,10/20/2017,1,11/8/2017,11/8/2017,13
Noel Staavos,13,2/2/2018,CA-2018-144645,67%,-86,86,11/8/2017,1,2/2/2018,2/2/2018,13
Noel Staavos,13,12/11/2018,CA-2018-162187,67%,-312,312,2/2/2018,0,12/11/2018,12/11/2018,13
Noel Staavos,13,12/12/2018,CA-2018-169824,67%,-1,1,12/11/2018,1,12/12/2018,12/12/2018,13
Noel Staavos,13,12/17/2018,CA-2018-131639,67%,-5,5,12/12/2018,1,12/17/2018,12/17/2018,13
Noel Staavos,13,4/15/2019,CA-2019-134635,67%,-119,119,12/17/2018,0,4/15/2019,4/15/2019,13
Noel Staavos,13,6/5/2019,CA-2019-141614,67%,-51,51,4/15/2019,1,6/5/2019,6/5/2019,13
Noel Staavos,13,7/9/2019,CA-2019-115651,67%,-34,34,6/5/2019,1,7/9/2019,7/9/2019,13
