'Dummy',City State UPPER,Sales
Dummy,"ABERDEEN, SOUTH DAKOTA",$26
Dummy,"ABILENE, TEXAS",$1
Dummy,"AKRON, OHIO","$2,730"
Dummy,"ALBUQUERQUE, NEW MEXICO","$2,220"
Dummy,"ALEXANDRIA, VIRGINIA","$5,520"
Dummy,"ALLEN, TEXAS",$290
Dummy,"ALLENTOWN, PENNSYLVANIA",$853
Dummy,"ALTOONA, PENNSYLVANIA",$20
Dummy,"AMARILLO, TEXAS","$3,773"
Dummy,"ANAHEIM, CALIFORNIA","$7,987"
Dummy,"ANDOVER, MASSACHUSETTS",$436
Dummy,"ANN ARBOR, MICHIGAN",$889
Dummy,"ANTIOCH, CALIFORNIA",$19
Dummy,"APOPKA, FLORIDA",$905
Dummy,"APPLE VALLEY, CALIFORNIA","$1,915"
Dummy,"APPLE VALLEY, MINNESOTA",$138
Dummy,"APPLETON, WISCONSIN","$1,671"
Dummy,"ARLINGTON HEIGHTS, ILLINOIS",$14
Dummy,"ARLINGTON, TEXAS","$5,848"
Dummy,"ARLINGTON, VIRGINIA","$14,367"
Dummy,"ARVADA, COLORADO",$503
Dummy,"ASHEVILLE, NORTH CAROLINA","$1,475"
Dummy,"ATHENS, GEORGIA","$1,721"
Dummy,"ATLANTA, GEORGIA","$17,198"
Dummy,"ATLANTIC CITY, NEW JERSEY",$23
Dummy,"AUBURN, ALABAMA","$1,767"
Dummy,"AUBURN, NEW YORK","$1,384"
Dummy,"AUBURN, WASHINGTON",$4
Dummy,"AURORA, COLORADO","$4,084"
Dummy,"AURORA, ILLINOIS","$7,573"
Dummy,"AUSTIN, TEXAS","$6,058"
Dummy,"AVONDALE, ARIZONA",$947
Dummy,"BAKERSFIELD, CALIFORNIA","$1,377"
Dummy,"BALTIMORE, MARYLAND","$6,157"
Dummy,"BANGOR, MAINE","$1,164"
Dummy,"BARTLETT, TENNESSEE",$89
Dummy,"BAYONNE, NEW JERSEY",$183
Dummy,"BAYTOWN, TEXAS",$10
Dummy,"BEAUMONT, TEXAS",$472
Dummy,"BEDFORD, TEXAS",$226
Dummy,"BELLEVILLE, NEW JERSEY","$1,892"
Dummy,"BELLEVUE, WASHINGTON",$104
Dummy,"BELLINGHAM, WASHINGTON","$3,790"
Dummy,"BETHLEHEM, PENNSYLVANIA","$1,690"
Dummy,"BEVERLY, MASSACHUSETTS","$2,583"
Dummy,"BILLINGS, MONTANA",$8
Dummy,"BLOOMINGTON, ILLINOIS",$964
Dummy,"BLOOMINGTON, INDIANA",$604
Dummy,"BOCA RATON, FLORIDA",$63
Dummy,"BOISE, IDAHO","$1,094"
Dummy,"BOLINGBROOK, ILLINOIS",$218
Dummy,"BOSSIER CITY, LOUISIANA","$1,417"
Dummy,"BOWLING GREEN, KENTUCKY",$212
Dummy,"BOWLING GREEN, OHIO","$1,866"
Dummy,"BOYNTON BEACH, FLORIDA",$470
Dummy,"BOZEMAN, MONTANA",$44
Dummy,"BRENTWOOD, CALIFORNIA","$5,090"
Dummy,"BRIDGETON, NEW JERSEY",$52
Dummy,"BRISTOL, CONNECTICUT",$815
Dummy,"BRISTOL, TENNESSEE",$437
Dummy,"BROKEN ARROW, OKLAHOMA","$2,440"
Dummy,"BROOMFIELD, COLORADO",$794
Dummy,"BROWNSVILLE, TEXAS","$1,292"
Dummy,"BRYAN, TEXAS",$617
Dummy,"BUFFALO GROVE, ILLINOIS",$831
Dummy,"BUFFALO, NEW YORK","$9,063"
Dummy,"BULLHEAD CITY, ARIZONA",$22
Dummy,"BURBANK, CALIFORNIA","$3,247"
Dummy,"BURLINGTON, IOWA",$57
Dummy,"BURLINGTON, NORTH CAROLINA","$12,681"
Dummy,"BURLINGTON, VERMONT","$8,929"
Dummy,"CALDWELL, IDAHO",$456
Dummy,"CAMARILLO, CALIFORNIA","$1,468"
Dummy,"CAMBRIDGE, MASSACHUSETTS",$502
Dummy,"CANTON, MICHIGAN",$818
Dummy,"CARLSBAD, NEW MEXICO",$419
Dummy,"CAROL STREAM, ILLINOIS","$1,306"
Dummy,"CARROLLTON, TEXAS","$2,201"
Dummy,"CARY, NORTH CAROLINA",$505
Dummy,"CEDAR HILL, TEXAS",$122
Dummy,"CEDAR RAPIDS, IOWA",$278
Dummy,"CHAMPAIGN, ILLINOIS",$152
Dummy,"CHANDLER, ARIZONA","$1,077"
Dummy,"CHAPEL HILL, NORTH CAROLINA",$14
Dummy,"CHARLOTTE, NORTH CAROLINA","$13,693"
Dummy,"CHARLOTTESVILLE, VIRGINIA",$103
Dummy,"CHATTANOOGA, TENNESSEE",$989
Dummy,"CHESAPEAKE, VIRGINIA","$5,997"
Dummy,"CHESTER, PENNSYLVANIA","$1,968"
Dummy,"CHEYENNE, WYOMING","$1,603"
Dummy,"CHICAGO, ILLINOIS","$48,540"
Dummy,"CHICO, CALIFORNIA","$2,050"
Dummy,"CHULA VISTA, CALIFORNIA","$1,042"
Dummy,"CINCINNATI, OHIO","$1,612"
Dummy,"CITRUS HEIGHTS, CALIFORNIA",$129
Dummy,"CLARKSVILLE, TENNESSEE","$2,218"
Dummy,"CLEVELAND, OHIO","$6,346"
Dummy,"CLIFTON, NEW JERSEY",$337
Dummy,"CLINTON, MARYLAND","$5,514"
Dummy,"CLOVIS, NEW MEXICO",$111
Dummy,"COACHELLA, CALIFORNIA",$164
Dummy,"COLLEGE STATION, TEXAS",$291
Dummy,"COLORADO SPRINGS, COLORADO","$3,694"
Dummy,"COLUMBIA, MARYLAND","$10,962"
Dummy,"COLUMBIA, MISSOURI","$2,990"
Dummy,"COLUMBIA, SOUTH CAROLINA","$6,168"
Dummy,"COLUMBIA, TENNESSEE","$5,163"
Dummy,"COLUMBUS, GEORGIA","$14,845"
Dummy,"COLUMBUS, INDIANA","$7,960"
Dummy,"COLUMBUS, OHIO","$15,901"
Dummy,"COMMERCE CITY, COLORADO",$146
Dummy,"CONCORD, CALIFORNIA","$2,603"
Dummy,"CONCORD, NEW HAMPSHIRE","$2,828"
Dummy,"CONCORD, NORTH CAROLINA","$5,112"
Dummy,"CONROE, TEXAS",$112
Dummy,"CONWAY, ARKANSAS",$302
Dummy,"COON RAPIDS, MINNESOTA",$503
Dummy,"COPPELL, TEXAS",$136
Dummy,"CORAL GABLES, FLORIDA",$64
Dummy,"CORAL SPRINGS, FLORIDA",$825
Dummy,"CORPUS CHRISTI, TEXAS",$221
Dummy,"COSTA MESA, CALIFORNIA","$1,498"
Dummy,"COTTAGE GROVE, MINNESOTA",$144
Dummy,"COVINGTON, WASHINGTON",$414
Dummy,"CRANSTON, RHODE ISLAND","$4,025"
Dummy,"CUYAHOGA FALLS, OHIO",$29
Dummy,"DALLAS, TEXAS","$20,132"
Dummy,"DANBURY, CONNECTICUT",$27
Dummy,"DANVILLE, CALIFORNIA","$1,159"
Dummy,"DANVILLE, ILLINOIS",$43
Dummy,"DAVIS, CALIFORNIA",$32
Dummy,"DAYTONA BEACH, FLORIDA",$272
Dummy,"DEARBORN HEIGHTS, MICHIGAN","$1,052"
Dummy,"DEARBORN, MICHIGAN","$1,603"
Dummy,"DECATUR, ALABAMA","$3,375"
Dummy,"DECATUR, ILLINOIS","$3,169"
Dummy,"DEER PARK, TEXAS",$7
Dummy,"DELRAY BEACH, FLORIDA",$243
Dummy,"DELTONA, FLORIDA",$893
Dummy,"DENVER, COLORADO","$12,199"
Dummy,"DES MOINES, IOWA","$2,009"
Dummy,"DES MOINES, WASHINGTON","$3,454"
Dummy,"DES PLAINES, ILLINOIS","$1,493"
Dummy,"DETROIT, MICHIGAN","$42,447"
Dummy,"DOVER, DELAWARE",$449
Dummy,"DOVER, NEW HAMPSHIRE","$4,429"
Dummy,"DRAPER, UTAH",$264
Dummy,"DUBLIN, CALIFORNIA",$22
Dummy,"DUBLIN, OHIO","$2,379"
Dummy,"DUBUQUE, IOWA","$1,687"
Dummy,"DURHAM, NORTH CAROLINA",$880
Dummy,"EAGAN, MINNESOTA",$214
Dummy,"EAST ORANGE, NEW JERSEY",$377
Dummy,"EAST POINT, GEORGIA",$268
Dummy,"EAU CLAIRE, WISCONSIN","$1,646"
Dummy,"EDINBURG, TEXAS",$88
Dummy,"EDMOND, OKLAHOMA",$960
Dummy,"EDMONDS, WASHINGTON","$2,524"
Dummy,"EL CAJON, CALIFORNIA",$866
Dummy,"EL PASO, TEXAS","$3,546"
Dummy,"ELKHART, INDIANA",$171
Dummy,"ELMHURST, ILLINOIS",$892
Dummy,"ELYRIA, OHIO",$2
Dummy,"ENCINITAS, CALIFORNIA",$592
Dummy,"ENGLEWOOD, COLORADO",$124
Dummy,"ESCONDIDO, CALIFORNIA",$95
Dummy,"EUGENE, OREGON","$1,465"
Dummy,"EVANSTON, ILLINOIS","$1,754"
Dummy,"EVERETT, MASSACHUSETTS","$5,662"
Dummy,"EVERETT, WASHINGTON",$4
Dummy,"FAIRFIELD, CALIFORNIA","$1,471"
Dummy,"FAIRFIELD, CONNECTICUT","$4,936"
Dummy,"FAIRFIELD, OHIO","$3,078"
Dummy,"FARGO, NORTH DAKOTA",$920
Dummy,"FARMINGTON, NEW MEXICO",$719
Dummy,"FAYETTEVILLE, ARKANSAS","$3,743"
Dummy,"FAYETTEVILLE, NORTH CAROLINA","$3,183"
Dummy,"FLORENCE, ALABAMA","$1,997"
Dummy,"FLORENCE, KENTUCKY","$4,560"
Dummy,"FLORENCE, SOUTH CAROLINA","$1,065"
Dummy,"FORT COLLINS, COLORADO",$935
Dummy,"FORT LAUDERDALE, FLORIDA","$4,930"
Dummy,"FORT WORTH, TEXAS","$6,603"
Dummy,"FRANKFORT, ILLINOIS",$98
Dummy,"FRANKLIN, MASSACHUSETTS","$5,535"
Dummy,"FRANKLIN, TENNESSEE",$948
Dummy,"FRANKLIN, WISCONSIN","$4,774"
Dummy,"FREEPORT, ILLINOIS",$216
Dummy,"FREEPORT, NEW YORK",$523
Dummy,"FREMONT, NEBRASKA","$1,119"
Dummy,"FRESNO, CALIFORNIA","$7,889"
Dummy,"FRISCO, TEXAS",$58
Dummy,"GAITHERSBURG, MARYLAND",$406
Dummy,"GARDEN CITY, KANSAS",$312
Dummy,"GARLAND, TEXAS",$68
Dummy,"GASTONIA, NORTH CAROLINA",$895
Dummy,"GEORGETOWN, KENTUCKY","$1,786"
Dummy,"GILBERT, ARIZONA","$4,172"
Dummy,"GLADSTONE, MISSOURI",$164
Dummy,"GLENDALE, ARIZONA","$2,918"
Dummy,"GLENVIEW, ILLINOIS",$158
Dummy,"GOLDSBORO, NORTH CAROLINA",$35
Dummy,"GRAND ISLAND, NEBRASKA",$16
Dummy,"GRAND PRAIRIE, TEXAS","$1,012"
Dummy,"GRAND RAPIDS, MICHIGAN",$526
Dummy,"GRAPEVINE, TEXAS",$42
Dummy,"GREAT FALLS, MONTANA","$4,606"
Dummy,"GREELEY, COLORADO",$30
Dummy,"GREEN BAY, WISCONSIN",$527
Dummy,"GREENSBORO, NORTH CAROLINA","$2,407"
Dummy,"GREENVILLE, NORTH CAROLINA","$2,118"
Dummy,"GREENWOOD, INDIANA","$1,665"
Dummy,"GRESHAM, OREGON","$2,133"
Dummy,"GROVE CITY, OHIO",$124
Dummy,"GULFPORT, MISSISSIPPI",$167
Dummy,"HACKENSACK, NEW JERSEY","$1,456"
Dummy,"HAGERSTOWN, MARYLAND",$44
Dummy,"HALTOM CITY, TEXAS",$269
Dummy,"HAMILTON, OHIO",$328
Dummy,"HAMPTON, VIRGINIA","$2,722"
Dummy,"HARLINGEN, TEXAS",$471
Dummy,"HARRISONBURG, VIRGINIA","$4,389"
Dummy,"HATTIESBURG, MISSISSIPPI","$1,723"
Dummy,"HELENA, MONTANA",$444
Dummy,"HEMPSTEAD, NEW YORK","$2,590"
Dummy,"HENDERSON, KENTUCKY","$15,661"
Dummy,"HENDERSON, NEVADA","$1,888"
Dummy,"HENDERSONVILLE, TENNESSEE",$320
Dummy,"HESPERIA, CALIFORNIA","$1,213"
Dummy,"HIALEAH, FLORIDA","$2,339"
Dummy,"HICKORY, NORTH CAROLINA",$41
Dummy,"HIGHLAND PARK, ILLINOIS","$2,035"
Dummy,"HILLSBORO, OREGON",$88
Dummy,"HOLLAND, MICHIGAN",$138
Dummy,"HOLLYWOOD, FLORIDA","$1,070"
Dummy,"HOLYOKE, MASSACHUSETTS",$302
Dummy,"HOMESTEAD, FLORIDA",$133
Dummy,"HOOVER, ALABAMA",$526
Dummy,"HOT SPRINGS, ARKANSAS",$246
Dummy,"HOUSTON, TEXAS","$64,505"
Dummy,"HUNTINGTON BEACH, CALIFORNIA","$2,528"
Dummy,"HUNTSVILLE, ALABAMA","$2,484"
Dummy,"HUNTSVILLE, TEXAS","$6,711"
Dummy,"INDEPENDENCE, MISSOURI","$2,417"
Dummy,"INDIANAPOLIS, INDIANA","$9,306"
Dummy,"INGLEWOOD, CALIFORNIA","$3,479"
Dummy,"IOWA CITY, IOWA",$10
Dummy,"IRVING, TEXAS",$606
Dummy,"JACKSON, MICHIGAN","$15,420"
Dummy,"JACKSON, MISSISSIPPI","$7,427"
Dummy,"JACKSON, TENNESSEE","$2,117"
Dummy,"JACKSONVILLE, FLORIDA","$39,133"
Dummy,"JACKSONVILLE, NORTH CAROLINA","$5,580"
Dummy,"JAMESTOWN, NEW YORK","$4,709"
Dummy,"JEFFERSON CITY, MISSOURI",$87
Dummy,"JOHNSON CITY, TENNESSEE",$766
Dummy,"JONESBORO, ARKANSAS","$2,915"
Dummy,"JUPITER, FLORIDA",$2
Dummy,"KELLER, TEXAS",$6
Dummy,"KENNER, LOUISIANA",$89
Dummy,"KENOSHA, WISCONSIN","$3,907"
Dummy,"KENT, OHIO",$346
Dummy,"KENT, WASHINGTON","$1,351"
Dummy,"KIRKWOOD, MISSOURI",$241
Dummy,"KISSIMMEE, FLORIDA",$752
Dummy,"KNOXVILLE, TENNESSEE","$3,928"
Dummy,"LA CROSSE, WISCONSIN",$830
Dummy,"LA MESA, CALIFORNIA",$368
Dummy,"LA PORTE, INDIANA","$1,021"
Dummy,"LA PORTE, TEXAS",$30
Dummy,"LA QUINTA, CALIFORNIA",$46
Dummy,"LAFAYETTE, INDIANA","$19,630"
Dummy,"LAFAYETTE, LOUISIANA","$5,406"
Dummy,"LAGUNA NIGUEL, CALIFORNIA",$291
Dummy,"LAKE CHARLES, LOUISIANA",$547
Dummy,"LAKE ELSINORE, CALIFORNIA",$284
Dummy,"LAKE FOREST, CALIFORNIA","$1,626"
Dummy,"LAKELAND, FLORIDA","$5,607"
Dummy,"LAKEVILLE, MINNESOTA","$4,261"
Dummy,"LAKEWOOD, CALIFORNIA","$1,584"
Dummy,"LAKEWOOD, NEW JERSEY","$14,852"
Dummy,"LAKEWOOD, OHIO","$1,756"
Dummy,"LANCASTER, CALIFORNIA",$477
Dummy,"LANCASTER, OHIO","$8,203"
Dummy,"LANCASTER, PENNSYLVANIA","$1,211"
Dummy,"LANSING, MICHIGAN","$1,610"
Dummy,"LAREDO, TEXAS","$1,024"
Dummy,"LAS CRUCES, NEW MEXICO",$99
Dummy,"LAS VEGAS, NEVADA","$1,834"
Dummy,"LAUREL, MARYLAND",$153
Dummy,"LAWRENCE, INDIANA","$1,545"
Dummy,"LAWRENCE, MASSACHUSETTS","$6,109"
Dummy,"LAWTON, OKLAHOMA","$1,057"
Dummy,"LAYTON, UTAH",$5
Dummy,"LEAGUE CITY, TEXAS",$875
Dummy,"LEBANON, TENNESSEE",$489
Dummy,"LEHI, UTAH","$1,517"
Dummy,"LEOMINSTER, MASSACHUSETTS",$217
Dummy,"LEWISTON, IDAHO",$10
Dummy,"LEWISTON, MAINE",$106
Dummy,"LINCOLN PARK, MICHIGAN",$388
Dummy,"LINDEN, NEW JERSEY",$115
Dummy,"LINDENHURST, NEW YORK",$55
Dummy,"LITTLE ROCK, ARKANSAS","$3,560"
Dummy,"LITTLETON, COLORADO",$72
Dummy,"LODI, CALIFORNIA",$137
Dummy,"LOGAN, UTAH",$280
Dummy,"LONG BEACH, CALIFORNIA","$4,934"
Dummy,"LONG BEACH, NEW YORK","$8,521"
Dummy,"LONGMONT, COLORADO",$915
Dummy,"LONGVIEW, WASHINGTON",$119
Dummy,"LORAIN, OHIO","$2,015"
Dummy,"LOS ANGELES, CALIFORNIA","$175,851"
Dummy,"LOUISVILLE, COLORADO","$5,070"
Dummy,"LOUISVILLE, KENTUCKY","$7,275"
Dummy,"LOVELAND, COLORADO",$21
Dummy,"LOWELL, MASSACHUSETTS","$4,838"
Dummy,"LUBBOCK, TEXAS",$593
Dummy,"MACON, GEORGIA",$364
Dummy,"MADISON, WISCONSIN","$5,347"
Dummy,"MALDEN, MASSACHUSETTS",$228
Dummy,"MANCHESTER, CONNECTICUT","$2,126"
Dummy,"MANHATTAN, KANSAS",$274
Dummy,"MANSFIELD, TEXAS",$559
Dummy,"MANTECA, CALIFORNIA",$452
Dummy,"MAPLE GROVE, MINNESOTA",$883
Dummy,"MARGATE, FLORIDA",$16
Dummy,"MARIETTA, GEORGIA","$2,939"
Dummy,"MARION, IOWA",$358
Dummy,"MARION, OHIO","$3,011"
Dummy,"MARLBOROUGH, MASSACHUSETTS",$207
Dummy,"MARYSVILLE, WASHINGTON",$102
Dummy,"MASON, OHIO",$94
Dummy,"MCALLEN, TEXAS",$867
Dummy,"MEDFORD, OREGON",$90
Dummy,"MEDINA, OHIO","$2,478"
Dummy,"MELBOURNE, FLORIDA",$96
Dummy,"MEMPHIS, TENNESSEE","$5,942"
Dummy,"MENTOR, OHIO",$693
Dummy,"MERIDEN, CONNECTICUT","$1,551"
Dummy,"MERIDIAN, IDAHO",$329
Dummy,"MESA, ARIZONA","$4,038"
Dummy,"MESQUITE, TEXAS",$52
Dummy,"MIAMI, FLORIDA","$8,673"
Dummy,"MIDDLETOWN, CONNECTICUT","$1,155"
Dummy,"MIDLAND, MICHIGAN","$5,292"
Dummy,"MILFORD, CONNECTICUT",$962
Dummy,"MILWAUKEE, WISCONSIN","$11,410"
Dummy,"MINNEAPOLIS, MINNESOTA","$16,871"
Dummy,"MIRAMAR, FLORIDA","$1,531"
Dummy,"MISHAWAKA, INDIANA",$776
Dummy,"MISSION VIEJO, CALIFORNIA",$776
Dummy,"MISSOULA, MONTANA",$488
Dummy,"MISSOURI CITY, TEXAS",$6
Dummy,"MOBILE, ALABAMA","$5,463"
Dummy,"MODESTO, CALIFORNIA",$326
Dummy,"MONROE, LOUISIANA","$1,757"
Dummy,"MONROE, NORTH CAROLINA","$1,213"
Dummy,"MONTEBELLO, CALIFORNIA",$28
Dummy,"MONTGOMERY, ALABAMA","$3,723"
Dummy,"MOORHEAD, MINNESOTA",$544
Dummy,"MORENO VALLEY, CALIFORNIA","$1,262"
Dummy,"MORGAN HILL, CALIFORNIA",$545
Dummy,"MORRISTOWN, NEW JERSEY","$5,033"
Dummy,"MOUNT PLEASANT, MICHIGAN",$17
Dummy,"MOUNT PLEASANT, SOUTH CAROLINA",$546
Dummy,"MOUNT VERNON, NEW YORK","$2,120"
Dummy,"MURFREESBORO, TENNESSEE",$337
Dummy,"MURRAY, KENTUCKY",$265
Dummy,"MURRAY, UTAH",$146
Dummy,"MURRIETA, CALIFORNIA",$485
Dummy,"MUSKOGEE, OKLAHOMA","$1,722"
Dummy,"NAPERVILLE, ILLINOIS","$1,288"
Dummy,"NASHUA, NEW HAMPSHIRE",$36
Dummy,"NASHVILLE, TENNESSEE","$6,071"
Dummy,"NEW ALBANY, INDIANA",$210
Dummy,"NEW BEDFORD, MASSACHUSETTS",$236
Dummy,"NEW BRUNSWICK, NEW JERSEY",$15
Dummy,"NEW CASTLE, INDIANA",$85
Dummy,"NEW ROCHELLE, NEW YORK","$1,255"
Dummy,"NEW YORK CITY, NEW YORK","$256,368"
Dummy,"NEWARK, DELAWARE","$20,448"
Dummy,"NEWARK, OHIO","$8,128"
Dummy,"NEWPORT NEWS, VIRGINIA","$3,322"
Dummy,"NIAGARA FALLS, NEW YORK",$200
Dummy,"NOBLESVILLE, INDIANA","$3,091"
Dummy,"NORFOLK, NEBRASKA",$17
Dummy,"NORMAL, ILLINOIS",$367
Dummy,"NORMAN, OKLAHOMA","$1,351"
Dummy,"NORTH CHARLESTON, SOUTH CAROLINA",$284
Dummy,"NORTH LAS VEGAS, NEVADA","$9,801"
Dummy,"NORTH MIAMI, FLORIDA",$22
Dummy,"NORWICH, CONNECTICUT",$414
Dummy,"OAK PARK, ILLINOIS",$10
Dummy,"OAK PARK, MICHIGAN",$581
Dummy,"OAKLAND, CALIFORNIA","$5,964"
Dummy,"OCEANSIDE, CALIFORNIA",$500
Dummy,"OCEANSIDE, NEW YORK","$3,851"
Dummy,"ODESSA, TEXAS",$976
Dummy,"OKLAHOMA CITY, OKLAHOMA","$6,597"
Dummy,"OLATHE, KANSAS",$896
Dummy,"OLYMPIA, WASHINGTON","$1,020"
Dummy,"OMAHA, NEBRASKA","$6,313"
Dummy,"ONTARIO, CALIFORNIA",$284
Dummy,"ORANGE, NEW JERSEY",$211
Dummy,"OREM, UTAH","$2,994"
Dummy,"ORLAND PARK, ILLINOIS",$340
Dummy,"ORLANDO, FLORIDA","$1,740"
Dummy,"ORMOND BEACH, FLORIDA",$3
Dummy,"OSWEGO, ILLINOIS",$322
Dummy,"OVERLAND PARK, KANSAS",$607
Dummy,"OWENSBORO, KENTUCKY",$71
Dummy,"OXNARD, CALIFORNIA","$1,558"
Dummy,"PALATINE, ILLINOIS",$116
Dummy,"PALM COAST, FLORIDA",$274
Dummy,"PARK RIDGE, ILLINOIS",$685
Dummy,"PARKER, COLORADO","$1,068"
Dummy,"PARMA, OHIO","$3,880"
Dummy,"PASADENA, CALIFORNIA","$4,113"
Dummy,"PASADENA, TEXAS","$2,477"
Dummy,"PASCO, WASHINGTON","$2,201"
Dummy,"PASSAIC, NEW JERSEY","$1,562"
Dummy,"PATERSON, NEW JERSEY","$2,243"
Dummy,"PEARLAND, TEXAS",$495
Dummy,"PEMBROKE PINES, FLORIDA","$1,714"
Dummy,"PENSACOLA, FLORIDA",$2
Dummy,"PEORIA, ARIZONA","$1,341"
Dummy,"PEORIA, ILLINOIS",$501
Dummy,"PERTH AMBOY, NEW JERSEY","$1,717"
Dummy,"PHARR, TEXAS","$1,541"
Dummy,"PHILADELPHIA, PENNSYLVANIA","$109,077"
Dummy,"PHOENIX, ARIZONA","$11,000"
Dummy,"PICO RIVERA, CALIFORNIA",$146
Dummy,"PINE BLUFF, ARKANSAS",$213
Dummy,"PLAINFIELD, NEW JERSEY","$4,527"
Dummy,"PLANO, TEXAS","$3,530"
Dummy,"PLANTATION, FLORIDA","$1,437"
Dummy,"PLEASANT GROVE, UTAH","$2,138"
Dummy,"POCATELLO, IDAHO","$1,345"
Dummy,"POMONA, CALIFORNIA","$1,483"
Dummy,"POMPANO BEACH, FLORIDA",$90
Dummy,"PORT ARTHUR, TEXAS",$737
Dummy,"PORT ORANGE, FLORIDA",$8
Dummy,"PORT SAINT LUCIE, FLORIDA",$249
Dummy,"PORTAGE, INDIANA",$16
Dummy,"PORTLAND, OREGON","$4,052"
Dummy,"PROVIDENCE, RHODE ISLAND","$15,981"
Dummy,"PROVO, UTAH","$2,761"
Dummy,"PUEBLO, COLORADO","$1,687"
Dummy,"QUINCY, ILLINOIS",$330
Dummy,"QUINCY, MASSACHUSETTS",$946
Dummy,"RALEIGH, NORTH CAROLINA","$4,508"
Dummy,"RANCHO CUCAMONGA, CALIFORNIA",$232
Dummy,"RAPID CITY, SOUTH DAKOTA",$153
Dummy,"READING, PENNSYLVANIA",$874
Dummy,"REDDING, CALIFORNIA",$334
Dummy,"REDLANDS, CALIFORNIA","$2,891"
Dummy,"REDMOND, OREGON","$1,043"
Dummy,"REDMOND, WASHINGTON",$55
Dummy,"REDONDO BEACH, CALIFORNIA","$1,960"
Dummy,"REDWOOD CITY, CALIFORNIA",$42
Dummy,"RENO, NEVADA",$644
Dummy,"RENTON, WASHINGTON","$1,243"
Dummy,"REVERE, MASSACHUSETTS",$833
Dummy,"RICHARDSON, TEXAS","$1,288"
Dummy,"RICHMOND, INDIANA","$6,235"
Dummy,"RICHMOND, KENTUCKY","$6,762"
Dummy,"RICHMOND, VIRGINIA","$5,141"
Dummy,"RIO RANCHO, NEW MEXICO","$1,114"
Dummy,"RIVERSIDE, CALIFORNIA","$1,944"
Dummy,"ROCHESTER HILLS, MICHIGAN",$133
Dummy,"ROCHESTER, MINNESOTA","$1,957"
Dummy,"ROCHESTER, NEW YORK","$6,017"
Dummy,"ROCK HILL, SOUTH CAROLINA",$12
Dummy,"ROCKFORD, ILLINOIS","$3,166"
Dummy,"ROCKVILLE, MARYLAND",$470
Dummy,"ROGERS, ARKANSAS",$40
Dummy,"ROME, NEW YORK",$535
Dummy,"ROMEOVILLE, ILLINOIS",$9
Dummy,"ROSEVILLE, CALIFORNIA",$735
Dummy,"ROSEVILLE, MICHIGAN",$638
Dummy,"ROSEVILLE, MINNESOTA","$2,216"
Dummy,"ROSWELL, GEORGIA","$6,652"
Dummy,"ROUND ROCK, TEXAS","$4,854"
Dummy,"ROYAL OAK, MICHIGAN",$35
Dummy,"SACRAMENTO, CALIFORNIA","$7,311"
Dummy,"SAGINAW, MICHIGAN",$396
Dummy,"SAINT CHARLES, ILLINOIS","$1,389"
Dummy,"SAINT CHARLES, MISSOURI",$271
Dummy,"SAINT CLOUD, MINNESOTA","$1,332"
Dummy,"SAINT LOUIS, MISSOURI",$286
Dummy,"SAINT PAUL, MINNESOTA",$193
Dummy,"SAINT PETERS, MISSOURI",$697
Dummy,"SAINT PETERSBURG, FLORIDA","$1,691"
Dummy,"SALEM, OREGON","$1,405"
Dummy,"SALEM, VIRGINIA","$2,040"
Dummy,"SALINAS, CALIFORNIA",$729
Dummy,"SALT LAKE CITY, UTAH",$803
Dummy,"SAN ANGELO, TEXAS",$651
Dummy,"SAN ANTONIO, TEXAS","$21,844"
Dummy,"SAN BERNARDINO, CALIFORNIA",$979
Dummy,"SAN CLEMENTE, CALIFORNIA",$90
Dummy,"SAN DIEGO, CALIFORNIA","$47,521"
Dummy,"SAN FRANCISCO, CALIFORNIA","$112,669"
Dummy,"SAN GABRIEL, CALIFORNIA","$2,061"
Dummy,"SAN JOSE, CALIFORNIA","$6,071"
Dummy,"SAN LUIS OBISPO, CALIFORNIA",$4
Dummy,"SAN MARCOS, TEXAS",$108
Dummy,"SAN MATEO, CALIFORNIA",$75
Dummy,"SANDY SPRINGS, GEORGIA","$1,997"
Dummy,"SANFORD, FLORIDA",$226
Dummy,"SANTA ANA, CALIFORNIA","$3,366"
Dummy,"SANTA BARBARA, CALIFORNIA","$4,289"
Dummy,"SANTA CLARA, CALIFORNIA",$222
Dummy,"SANTA FE, NEW MEXICO",$101
Dummy,"SANTA MARIA, CALIFORNIA",$115
Dummy,"SCOTTSDALE, ARIZONA","$1,466"
Dummy,"SEATTLE, WASHINGTON","$119,541"
Dummy,"SHEBOYGAN, WISCONSIN",$80
Dummy,"SHELTON, CONNECTICUT",$73
Dummy,"SIERRA VISTA, ARIZONA",$76
Dummy,"SIOUX FALLS, SOUTH DAKOTA","$1,137"
Dummy,"SKOKIE, ILLINOIS",$569
Dummy,"SMYRNA, GEORGIA","$2,390"
Dummy,"SMYRNA, TENNESSEE",$849
Dummy,"SOUTH BEND, INDIANA","$1,238"
Dummy,"SOUTHAVEN, MISSISSIPPI","$1,455"
Dummy,"SPARKS, NEVADA","$2,562"
Dummy,"SPOKANE, WASHINGTON","$2,028"
Dummy,"SPRINGDALE, ARKANSAS",$4
Dummy,"SPRINGFIELD, MISSOURI","$15,051"
Dummy,"SPRINGFIELD, OHIO","$5,613"
Dummy,"SPRINGFIELD, OREGON","$5,761"
Dummy,"SPRINGFIELD, VIRGINIA","$16,629"
Dummy,"STERLING HEIGHTS, MICHIGAN",$110
Dummy,"STOCKTON, CALIFORNIA","$1,228"
Dummy,"SUFFOLK, VIRGINIA","$1,598"
Dummy,"SUMMERVILLE, SOUTH CAROLINA",$407
Dummy,"SUNNYVALE, CALIFORNIA",$636
Dummy,"SUPERIOR, WISCONSIN","$1,300"
Dummy,"TALLAHASSEE, FLORIDA","$7,251"
Dummy,"TAMARAC, FLORIDA","$1,414"
Dummy,"TAMPA, FLORIDA","$5,196"
Dummy,"TAYLOR, MICHIGAN",$354
Dummy,"TEMECULA, CALIFORNIA",$809
Dummy,"TEMPE, ARIZONA","$1,070"
Dummy,"TEXARKANA, ARKANSAS",$654
Dummy,"TEXAS CITY, TEXAS",$791
Dummy,"THE COLONY, TEXAS",$142
Dummy,"THOMASVILLE, NORTH CAROLINA",$151
Dummy,"THORNTON, COLORADO",$765
Dummy,"THOUSAND OAKS, CALIFORNIA",$239
Dummy,"TIGARD, OREGON","$1,394"
Dummy,"TINLEY PARK, ILLINOIS",$22
Dummy,"TOLEDO, OHIO","$4,466"
Dummy,"TORRANCE, CALIFORNIA","$3,132"
Dummy,"TRENTON, MICHIGAN","$1,765"
Dummy,"TROY, NEW YORK","$1,327"
Dummy,"TROY, OHIO","$3,181"
Dummy,"TUCSON, ARIZONA","$6,313"
Dummy,"TULSA, OKLAHOMA","$5,557"
Dummy,"TUSCALOOSA, ALABAMA",$176
Dummy,"TWIN FALLS, IDAHO","$1,149"
Dummy,"TYLER, TEXAS",$347
Dummy,"URBANDALE, IOWA",$149
Dummy,"UTICA, NEW YORK",$655
Dummy,"VACAVILLE, CALIFORNIA",$423
Dummy,"VALLEJO, CALIFORNIA","$1,221"
Dummy,"VANCOUVER, WASHINGTON",$687
Dummy,"VINELAND, NEW JERSEY",$648
Dummy,"VIRGINIA BEACH, VIRGINIA","$5,752"
Dummy,"VISALIA, CALIFORNIA",$319
Dummy,"WACO, TEXAS",$606
Dummy,"WARNER ROBINS, GEORGIA",$435
Dummy,"WARWICK, RHODE ISLAND","$2,427"
Dummy,"WASHINGTON, DISTRICT OF COLUMBIA","$2,865"
Dummy,"WATERBURY, CONNECTICUT","$1,326"
Dummy,"WATERLOO, IOWA",$30
Dummy,"WATERTOWN, NEW YORK","$4,045"
Dummy,"WAUKESHA, WISCONSIN",$55
Dummy,"WAUSAU, WISCONSIN",$317
Dummy,"WAYNESBORO, VIRGINIA","$3,059"
Dummy,"WEST ALLIS, WISCONSIN",$250
Dummy,"WEST JORDAN, UTAH",$312
Dummy,"WEST PALM BEACH, FLORIDA",$141
Dummy,"WESTFIELD, NEW JERSEY",$520
Dummy,"WESTLAND, MICHIGAN","$2,058"
Dummy,"WESTMINSTER, CALIFORNIA","$3,827"
Dummy,"WHEELING, ILLINOIS",$737
Dummy,"WHEELING, WEST VIRGINIA","$1,210"
Dummy,"WHITTIER, CALIFORNIA",$445
Dummy,"WICHITA, KANSAS",$825
Dummy,"WILMINGTON, DELAWARE","$6,554"
Dummy,"WILMINGTON, NORTH CAROLINA",$743
Dummy,"WILSON, NORTH CAROLINA",$369
Dummy,"WOODBURY, MINNESOTA",$608
Dummy,"WOODLAND, CALIFORNIA",$265
Dummy,"WOODSTOCK, GEORGIA",$287
Dummy,"WOODSTOCK, ILLINOIS",$857
Dummy,"WOONSOCKET, RHODE ISLAND",$196
Dummy,"YONKERS, NEW YORK","$7,658"
Dummy,"YORK, PENNSYLVANIA",$818
Dummy,"YUCAIPA, CALIFORNIA",$51
Dummy,"YUMA, ARIZONA",$841
