Hour of Order,Max Hour PerWeekday of Month,Month Column,Month of Order Date,Quarter of Order Date,Weekday of Order Date,Negative Range Weekdays,Distinct count of Order ID
0,,1,January,Q1,Monday,,1
0,,1,January,Q1,Wednesday,,1
1,,1,January,Q1,Wednesday,,1
1,,1,January,Q1,Thursday,,1
1,,1,January,Q1,Saturday,,1
2,,1,January,Q1,Monday,,1
2,,1,January,Q1,Tuesday,,1
2,,1,January,Q1,Wednesday,,1
2,,1,January,Q1,Saturday,,1
3,,1,January,Q1,Sunday,,1
3,,1,January,Q1,Tuesday,,1
3,,1,January,Q1,Wednesday,,1
4,,1,January,Q1,Sunday,,1
5,,1,January,Q1,Monday,,1
5,,1,January,Q1,Wednesday,,1
6,,1,January,Q1,Tuesday,,1
6,,1,January,Q1,Thursday,,1
6,,1,January,Q1,Saturday,,1
7,,1,January,Q1,Sunday,,1
7,,1,January,Q1,Monday,,1
7,,1,January,Q1,Tuesday,,1
8,,1,January,Q1,Tuesday,,1
8,,1,January,Q1,Thursday,,1
9,,1,January,Q1,Tuesday,,1
10,,1,January,Q1,Monday,,1
10,,1,January,Q1,Tuesday,,1
12,,1,January,Q1,Tuesday,,1
13,,1,January,Q1,Tuesday,,1
13,,1,January,Q1,Saturday,,1
14,,1,January,Q1,Monday,,1
14,,1,January,Q1,Saturday,,1
15,,1,January,Q1,Tuesday,,1
15,,1,January,Q1,Wednesday,,1
15,,1,January,Q1,Thursday,,1
15,,1,January,Q1,Saturday,,1
16,,1,January,Q1,Monday,,1
17,,1,January,Q1,Wednesday,,1
18,,1,January,Q1,Wednesday,,1
19,,1,January,Q1,Sunday,,1
19,,1,January,Q1,Monday,,1
20,,1,January,Q1,Saturday,,1
21,,1,January,Q1,Saturday,,1
22,,1,January,Q1,Monday,,1
22,,1,January,Q1,Tuesday,,1
23,,1,January,Q1,Sunday,,1
23,,1,January,Q1,Tuesday,,1
0,,2,February,Q1,Monday,,1
1,,2,February,Q1,Monday,,1
2,,2,February,Q1,Thursday,,1
2,,2,February,Q1,Saturday,,1
3,,2,February,Q1,Wednesday,,1
4,,2,February,Q1,Sunday,,1
4,,2,February,Q1,Tuesday,,1
5,,2,February,Q1,Sunday,,1
5,,2,February,Q1,Tuesday,,1
5,,2,February,Q1,Wednesday,,1
6,,2,February,Q1,Sunday,,1
6,,2,February,Q1,Monday,,1
6,,2,February,Q1,Saturday,,1
7,,2,February,Q1,Monday,,1
7,,2,February,Q1,Tuesday,,1
8,,2,February,Q1,Saturday,,1
9,,2,February,Q1,Saturday,,1
10,,2,February,Q1,Sunday,,1
10,,2,February,Q1,Wednesday,,1
12,,2,February,Q1,Wednesday,,1
12,,2,February,Q1,Saturday,,1
14,,2,February,Q1,Monday,,1
14,,2,February,Q1,Tuesday,,1
17,,2,February,Q1,Sunday,,1
18,,2,February,Q1,Saturday,,1
19,,2,February,Q1,Thursday,,1
20,,2,February,Q1,Sunday,,1
21,,2,February,Q1,Tuesday,,1
21,,2,February,Q1,Wednesday,,1
21,,2,February,Q1,Saturday,,1
22,,2,February,Q1,Sunday,,1
0,,3,March,Q1,Sunday,,1
0,,3,March,Q1,Monday,,1
0,,3,March,Q1,Saturday,,1
2,,3,March,Q1,Wednesday,,1
2,,3,March,Q1,Saturday,,1
3,,3,March,Q1,Thursday,,1
3,,3,March,Q1,Saturday,,1
4,,3,March,Q1,Wednesday,,1
4,,3,March,Q1,Thursday,,1
4,,3,March,Q1,Friday,,1
5,,3,March,Q1,Monday,,1
5,,3,March,Q1,Tuesday,,1
5,,3,March,Q1,Saturday,,1
6,,3,March,Q1,Monday,,1
6,,3,March,Q1,Saturday,,1
7,,3,March,Q1,Sunday,,1
7,,3,March,Q1,Monday,,1
7,,3,March,Q1,Saturday,,1
8,,3,March,Q1,Sunday,,1
8,,3,March,Q1,Monday,,1
8,,3,March,Q1,Tuesday,,1
8,,3,March,Q1,Wednesday,,1
8,,3,March,Q1,Saturday,,1
9,,3,March,Q1,Tuesday,,1
10,,3,March,Q1,Saturday,,1
11,,3,March,Q1,Thursday,,1
11,,3,March,Q1,Saturday,,1
12,,3,March,Q1,Thursday,,1
12,,3,March,Q1,Friday,,1
14,,3,March,Q1,Sunday,,1
14,,3,March,Q1,Monday,,1
14,,3,March,Q1,Wednesday,,1
14,,3,March,Q1,Thursday,,1
15,,3,March,Q1,Wednesday,,1
15,,3,March,Q1,Thursday,,1
16,,3,March,Q1,Sunday,,1
16,,3,March,Q1,Wednesday,,1
16,,3,March,Q1,Thursday,,1
16,,3,March,Q1,Saturday,,1
17,,3,March,Q1,Sunday,,1
17,,3,March,Q1,Monday,,1
17,,3,March,Q1,Tuesday,,1
17,,3,March,Q1,Saturday,,1
18,,3,March,Q1,Monday,,1
18,,3,March,Q1,Wednesday,,1
18,,3,March,Q1,Saturday,,1
19,,3,March,Q1,Sunday,,1
19,,3,March,Q1,Monday,,1
19,,3,March,Q1,Wednesday,,1
19,,3,March,Q1,Thursday,,1
19,,3,March,Q1,Saturday,,1
20,,3,March,Q1,Tuesday,,1
20,,3,March,Q1,Wednesday,,1
20,,3,March,Q1,Friday,,1
20,,3,March,Q1,Saturday,,1
21,,3,March,Q1,Tuesday,,1
21,,3,March,Q1,Wednesday,,1
21,,3,March,Q1,Thursday,,1
22,,3,March,Q1,Sunday,,1
22,,3,March,Q1,Tuesday,,1
22,,3,March,Q1,Wednesday,,1
23,,3,March,Q1,Monday,,1
23,,3,March,Q1,Saturday,,1
0,,1,April,Q2,Tuesday,,1
1,,1,April,Q2,Tuesday,,1
1,,1,April,Q2,Saturday,,1
2,,1,April,Q2,Thursday,,1
2,,1,April,Q2,Friday,,1
3,,1,April,Q2,Sunday,,1
3,,1,April,Q2,Tuesday,,1
3,,1,April,Q2,Thursday,,1
4,,1,April,Q2,Monday,,1
4,,1,April,Q2,Tuesday,,1
4,,1,April,Q2,Saturday,,1
5,,1,April,Q2,Wednesday,,1
5,,1,April,Q2,Saturday,,1
6,,1,April,Q2,Monday,,1
7,,1,April,Q2,Sunday,,1
7,,1,April,Q2,Monday,,1
7,,1,April,Q2,Tuesday,,1
7,,1,April,Q2,Thursday,,1
7,,1,April,Q2,Saturday,,1
8,,1,April,Q2,Sunday,,1
8,,1,April,Q2,Wednesday,,1
9,,1,April,Q2,Saturday,,1
10,,1,April,Q2,Monday,,1
11,,1,April,Q2,Thursday,,1
11,,1,April,Q2,Saturday,,1
12,,1,April,Q2,Monday,,1
12,,1,April,Q2,Tuesday,,1
12,,1,April,Q2,Saturday,,1
13,,1,April,Q2,Sunday,,1
13,,1,April,Q2,Tuesday,,1
13,,1,April,Q2,Saturday,,1
14,,1,April,Q2,Thursday,,1
14,,1,April,Q2,Saturday,,1
15,,1,April,Q2,Monday,,1
15,,1,April,Q2,Saturday,,1
16,,1,April,Q2,Monday,,1
16,,1,April,Q2,Tuesday,,1
16,,1,April,Q2,Wednesday,,1
17,,1,April,Q2,Sunday,,1
17,,1,April,Q2,Monday,,1
17,,1,April,Q2,Saturday,,1
18,,1,April,Q2,Sunday,,1
18,,1,April,Q2,Monday,,1
18,,1,April,Q2,Tuesday,,1
20,,1,April,Q2,Tuesday,,1
20,,1,April,Q2,Wednesday,,1
20,,1,April,Q2,Thursday,,1
21,,1,April,Q2,Thursday,,1
22,,1,April,Q2,Sunday,,1
22,,1,April,Q2,Tuesday,,1
22,,1,April,Q2,Thursday,,1
23,,1,April,Q2,Sunday,,1
23,,1,April,Q2,Wednesday,,1
0,,2,May,Q2,Tuesday,,1
0,,2,May,Q2,Thursday,,1
0,,2,May,Q2,Saturday,,1
1,,2,May,Q2,Wednesday,,1
1,,2,May,Q2,Saturday,,1
2,,2,May,Q2,Monday,,1
2,,2,May,Q2,Tuesday,,1
2,,2,May,Q2,Thursday,,1
2,,2,May,Q2,Saturday,,1
3,,2,May,Q2,Sunday,,1
3,,2,May,Q2,Friday,,1
4,,2,May,Q2,Saturday,,1
5,,2,May,Q2,Sunday,,1
5,,2,May,Q2,Monday,,1
5,,2,May,Q2,Tuesday,,1
5,,2,May,Q2,Thursday,,1
6,,2,May,Q2,Monday,,1
6,,2,May,Q2,Tuesday,,1
6,,2,May,Q2,Friday,,1
6,,2,May,Q2,Saturday,,1
7,,2,May,Q2,Tuesday,,1
7,,2,May,Q2,Thursday,,1
8,,2,May,Q2,Thursday,,1
9,,2,May,Q2,Monday,,1
9,,2,May,Q2,Tuesday,,1
10,,2,May,Q2,Wednesday,,1
11,,2,May,Q2,Monday,,1
11,,2,May,Q2,Tuesday,,1
11,,2,May,Q2,Wednesday,,1
11,,2,May,Q2,Friday,,1
12,,2,May,Q2,Sunday,,1
12,,2,May,Q2,Wednesday,,1
12,,2,May,Q2,Saturday,,1
13,,2,May,Q2,Thursday,,1
14,,2,May,Q2,Monday,,1
15,,2,May,Q2,Monday,,1
15,,2,May,Q2,Tuesday,,1
15,,2,May,Q2,Saturday,,1
16,,2,May,Q2,Monday,,1
16,,2,May,Q2,Wednesday,,1
16,,2,May,Q2,Thursday,,1
17,,2,May,Q2,Sunday,,1
17,,2,May,Q2,Monday,,1
17,,2,May,Q2,Wednesday,,1
17,,2,May,Q2,Saturday,,1
18,,2,May,Q2,Sunday,,1
18,,2,May,Q2,Wednesday,,1
19,,2,May,Q2,Sunday,,1
19,,2,May,Q2,Saturday,,1
20,,2,May,Q2,Sunday,,1
20,,2,May,Q2,Saturday,,1
21,,2,May,Q2,Sunday,,1
21,,2,May,Q2,Monday,,1
21,,2,May,Q2,Wednesday,,1
21,,2,May,Q2,Saturday,,1
22,,2,May,Q2,Monday,,1
22,,2,May,Q2,Wednesday,,1
22,,2,May,Q2,Saturday,,1
23,,2,May,Q2,Monday,,1
23,,2,May,Q2,Tuesday,,1
23,,2,May,Q2,Wednesday,,1
0,,3,June,Q2,Sunday,,1
0,,3,June,Q2,Wednesday,,1
0,,3,June,Q2,Thursday,,1
1,,3,June,Q2,Sunday,,1
1,,3,June,Q2,Monday,,1
1,,3,June,Q2,Thursday,,1
1,,3,June,Q2,Saturday,,1
2,,3,June,Q2,Sunday,,1
2,,3,June,Q2,Saturday,,1
3,,3,June,Q2,Thursday,,1
4,,3,June,Q2,Sunday,,1
5,,3,June,Q2,Monday,,1
5,,3,June,Q2,Wednesday,,1
5,,3,June,Q2,Saturday,,1
6,,3,June,Q2,Wednesday,,1
7,,3,June,Q2,Tuesday,,1
7,,3,June,Q2,Wednesday,,1
8,,3,June,Q2,Sunday,,1
8,,3,June,Q2,Monday,,1
8,,3,June,Q2,Thursday,,1
8,,3,June,Q2,Friday,,1
9,,3,June,Q2,Sunday,,1
9,,3,June,Q2,Monday,,1
9,,3,June,Q2,Thursday,,1
9,,3,June,Q2,Saturday,,1
10,,3,June,Q2,Tuesday,,1
10,,3,June,Q2,Thursday,,1
11,,3,June,Q2,Sunday,,1
11,,3,June,Q2,Tuesday,,1
12,,3,June,Q2,Wednesday,,1
13,,3,June,Q2,Tuesday,,1
14,,3,June,Q2,Monday,,1
14,,3,June,Q2,Tuesday,,1
14,,3,June,Q2,Thursday,,1
14,,3,June,Q2,Saturday,,1
15,,3,June,Q2,Tuesday,,1
15,,3,June,Q2,Friday,,1
15,,3,June,Q2,Saturday,,1
16,,3,June,Q2,Sunday,,1
17,,3,June,Q2,Sunday,,1
17,,3,June,Q2,Saturday,,1
18,,3,June,Q2,Sunday,,1
18,,3,June,Q2,Tuesday,,1
18,,3,June,Q2,Wednesday,,1
18,,3,June,Q2,Saturday,,1
19,,3,June,Q2,Monday,,1
19,,3,June,Q2,Wednesday,,1
20,,3,June,Q2,Sunday,,1
20,,3,June,Q2,Tuesday,,1
20,,3,June,Q2,Thursday,,1
20,,3,June,Q2,Saturday,,1
21,,3,June,Q2,Monday,,1
21,,3,June,Q2,Wednesday,,1
21,,3,June,Q2,Thursday,,1
21,,3,June,Q2,Saturday,,1
23,,3,June,Q2,Sunday,,1
23,,3,June,Q2,Thursday,,1
0,,1,July,Q3,Tuesday,,1
0,,1,July,Q3,Saturday,,1
1,,1,July,Q3,Sunday,,1
1,,1,July,Q3,Tuesday,,1
2,,1,July,Q3,Tuesday,,1
2,,1,July,Q3,Saturday,,1
3,,1,July,Q3,Thursday,,1
4,,1,July,Q3,Wednesday,,1
5,,1,July,Q3,Tuesday,,1
5,,1,July,Q3,Wednesday,,1
5,,1,July,Q3,Friday,,1
7,,1,July,Q3,Tuesday,,1
7,,1,July,Q3,Saturday,,1
8,,1,July,Q3,Tuesday,,1
9,,1,July,Q3,Monday,,1
9,,1,July,Q3,Tuesday,,1
9,,1,July,Q3,Wednesday,,1
9,,1,July,Q3,Saturday,,1
10,,1,July,Q3,Sunday,,1
11,,1,July,Q3,Wednesday,,1
11,,1,July,Q3,Saturday,,1
12,,1,July,Q3,Tuesday,,1
12,,1,July,Q3,Thursday,,1
13,,1,July,Q3,Wednesday,,1
13,,1,July,Q3,Thursday,,1
15,,1,July,Q3,Sunday,,1
15,,1,July,Q3,Wednesday,,1
15,,1,July,Q3,Saturday,,1
16,,1,July,Q3,Sunday,,1
16,,1,July,Q3,Saturday,,1
17,,1,July,Q3,Thursday,,1
18,,1,July,Q3,Monday,,1
18,,1,July,Q3,Thursday,,1
19,,1,July,Q3,Monday,,1
19,,1,July,Q3,Thursday,,1
20,,1,July,Q3,Monday,,1
20,,1,July,Q3,Tuesday,,1
20,,1,July,Q3,Wednesday,,1
20,,1,July,Q3,Thursday,,1
20,,1,July,Q3,Saturday,,1
21,,1,July,Q3,Friday,,1
22,,1,July,Q3,Saturday,,1
23,,1,July,Q3,Wednesday,,1
0,,2,August,Q3,Sunday,,1
0,,2,August,Q3,Thursday,,1
0,,2,August,Q3,Saturday,,1
1,,2,August,Q3,Wednesday,,1
2,,2,August,Q3,Thursday,,1
3,,2,August,Q3,Sunday,,1
3,,2,August,Q3,Monday,,1
3,,2,August,Q3,Tuesday,,1
3,,2,August,Q3,Thursday,,1
4,,2,August,Q3,Wednesday,,1
4,,2,August,Q3,Thursday,,1
5,,2,August,Q3,Sunday,,1
5,,2,August,Q3,Tuesday,,1
5,,2,August,Q3,Wednesday,,1
5,,2,August,Q3,Saturday,,1
6,,2,August,Q3,Monday,,1
6,,2,August,Q3,Tuesday,,1
6,,2,August,Q3,Wednesday,,1
6,,2,August,Q3,Thursday,,1
6,,2,August,Q3,Friday,,1
7,,2,August,Q3,Tuesday,,1
7,,2,August,Q3,Wednesday,,1
7,,2,August,Q3,Thursday,,1
8,,2,August,Q3,Monday,,1
8,,2,August,Q3,Tuesday,,1
8,,2,August,Q3,Saturday,,1
9,,2,August,Q3,Sunday,,1
9,,2,August,Q3,Wednesday,,1
9,,2,August,Q3,Thursday,,1
10,,2,August,Q3,Sunday,,1
10,,2,August,Q3,Wednesday,,1
10,,2,August,Q3,Saturday,,1
11,,2,August,Q3,Tuesday,,1
11,,2,August,Q3,Wednesday,,1
12,,2,August,Q3,Tuesday,,1
12,,2,August,Q3,Thursday,,1
13,,2,August,Q3,Sunday,,1
13,,2,August,Q3,Monday,,1
13,,2,August,Q3,Tuesday,,1
13,,2,August,Q3,Saturday,,1
14,,2,August,Q3,Tuesday,,1
14,,2,August,Q3,Wednesday,,1
14,,2,August,Q3,Saturday,,1
15,,2,August,Q3,Tuesday,,1
16,,2,August,Q3,Sunday,,1
16,,2,August,Q3,Monday,,1
16,,2,August,Q3,Friday,,1
16,,2,August,Q3,Saturday,,1
17,,2,August,Q3,Sunday,,1
17,,2,August,Q3,Tuesday,,1
19,,2,August,Q3,Tuesday,,1
19,,2,August,Q3,Saturday,,1
20,,2,August,Q3,Tuesday,,1
21,,2,August,Q3,Tuesday,,1
21,,2,August,Q3,Wednesday,,1
22,,2,August,Q3,Tuesday,,1
22,,2,August,Q3,Wednesday,,1
22,,2,August,Q3,Thursday,,1
22,,2,August,Q3,Saturday,,1
23,,2,August,Q3,Wednesday,,1
23,,2,August,Q3,Saturday,,1
0,,3,September,Q3,Monday,,1
0,,3,September,Q3,Saturday,,1
1,,3,September,Q3,Thursday,,1
2,,3,September,Q3,Wednesday,,1
2,,3,September,Q3,Friday,,1
2,,3,September,Q3,Saturday,,1
3,,3,September,Q3,Monday,,1
3,,3,September,Q3,Tuesday,,1
3,,3,September,Q3,Thursday,,1
3,,3,September,Q3,Saturday,,1
4,,3,September,Q3,Wednesday,,1
5,,3,September,Q3,Sunday,,1
5,,3,September,Q3,Monday,,1
5,,3,September,Q3,Wednesday,,1
5,,3,September,Q3,Saturday,,1
6,,3,September,Q3,Tuesday,,1
6,,3,September,Q3,Thursday,,1
7,,3,September,Q3,Tuesday,,1
7,,3,September,Q3,Wednesday,,1
7,,3,September,Q3,Thursday,,1
9,,3,September,Q3,Wednesday,,1
9,,3,September,Q3,Saturday,,1
10,,3,September,Q3,Tuesday,,1
10,,3,September,Q3,Thursday,,1
12,,3,September,Q3,Tuesday,,1
12,,3,September,Q3,Wednesday,,1
12,,3,September,Q3,Thursday,,1
12,,3,September,Q3,Friday,,1
13,,3,September,Q3,Sunday,,1
13,,3,September,Q3,Monday,,1
13,,3,September,Q3,Tuesday,,1
13,,3,September,Q3,Thursday,,1
13,,3,September,Q3,Saturday,,1
14,,3,September,Q3,Monday,,1
14,,3,September,Q3,Tuesday,,1
14,,3,September,Q3,Saturday,,1
15,,3,September,Q3,Tuesday,,1
16,,3,September,Q3,Sunday,,1
16,,3,September,Q3,Tuesday,,1
17,,3,September,Q3,Thursday,,1
18,,3,September,Q3,Sunday,,1
18,,3,September,Q3,Wednesday,,1
19,,3,September,Q3,Sunday,,1
19,,3,September,Q3,Wednesday,,1
19,,3,September,Q3,Saturday,,1
21,,3,September,Q3,Thursday,,1
21,,3,September,Q3,Saturday,,1
22,,3,September,Q3,Wednesday,,1
22,,3,September,Q3,Thursday,,1
22,,3,September,Q3,Saturday,,1
23,,3,September,Q3,Sunday,,1
23,,3,September,Q3,Tuesday,,1
0,,1,October,Q4,Thursday,,1
0,,1,October,Q4,Saturday,,1
1,,1,October,Q4,Sunday,,1
1,,1,October,Q4,Wednesday,,1
1,,1,October,Q4,Thursday,,1
2,,1,October,Q4,Sunday,,1
2,,1,October,Q4,Monday,,1
2,,1,October,Q4,Tuesday,,1
2,,1,October,Q4,Thursday,,1
3,,1,October,Q4,Tuesday,,1
3,,1,October,Q4,Wednesday,,1
3,,1,October,Q4,Saturday,,1
4,,1,October,Q4,Monday,,1
4,,1,October,Q4,Tuesday,,1
5,,1,October,Q4,Tuesday,,1
6,,1,October,Q4,Sunday,,1
6,,1,October,Q4,Tuesday,,1
6,,1,October,Q4,Wednesday,,1
7,,1,October,Q4,Sunday,,1
8,,1,October,Q4,Tuesday,,1
8,,1,October,Q4,Thursday,,1
9,,1,October,Q4,Tuesday,,1
9,,1,October,Q4,Thursday,,1
10,,1,October,Q4,Tuesday,,1
10,,1,October,Q4,Wednesday,,1
10,,1,October,Q4,Saturday,,1
11,,1,October,Q4,Sunday,,1
11,,1,October,Q4,Thursday,,1
12,,1,October,Q4,Wednesday,,1
12,,1,October,Q4,Thursday,,1
12,,1,October,Q4,Saturday,,1
13,,1,October,Q4,Saturday,,1
14,,1,October,Q4,Tuesday,,1
15,,1,October,Q4,Sunday,,1
15,,1,October,Q4,Thursday,,1
16,,1,October,Q4,Wednesday,,1
17,,1,October,Q4,Monday,,1
17,,1,October,Q4,Tuesday,,1
17,,1,October,Q4,Thursday,,1
17,,1,October,Q4,Saturday,,1
18,,1,October,Q4,Saturday,,1
19,,1,October,Q4,Sunday,,1
19,,1,October,Q4,Monday,,1
19,,1,October,Q4,Wednesday,,1
19,,1,October,Q4,Saturday,,1
20,,1,October,Q4,Monday,,1
20,,1,October,Q4,Friday,,1
20,,1,October,Q4,Saturday,,1
21,,1,October,Q4,Sunday,,1
21,,1,October,Q4,Wednesday,,1
21,,1,October,Q4,Thursday,,1
21,,1,October,Q4,Saturday,,1
22,,1,October,Q4,Tuesday,,1
22,,1,October,Q4,Wednesday,,1
23,,1,October,Q4,Thursday,,1
23,,1,October,Q4,Saturday,,1
0,,2,November,Q4,Tuesday,,1
2,,2,November,Q4,Tuesday,,1
2,,2,November,Q4,Wednesday,,1
2,,2,November,Q4,Thursday,,1
3,,2,November,Q4,Sunday,,1
3,,2,November,Q4,Thursday,,1
3,,2,November,Q4,Friday,,1
4,,2,November,Q4,Wednesday,,1
5,,2,November,Q4,Friday,,1
7,,2,November,Q4,Monday,,1
7,,2,November,Q4,Wednesday,,1
9,,2,November,Q4,Thursday,,1
10,,2,November,Q4,Saturday,,1
11,,2,November,Q4,Wednesday,,1
11,,2,November,Q4,Thursday,,1
12,,2,November,Q4,Monday,,1
12,,2,November,Q4,Wednesday,,1
12,,2,November,Q4,Saturday,,1
13,,2,November,Q4,Sunday,,1
13,,2,November,Q4,Tuesday,,1
13,,2,November,Q4,Thursday,,1
14,,2,November,Q4,Sunday,,1
14,,2,November,Q4,Tuesday,,1
15,,2,November,Q4,Tuesday,,1
15,,2,November,Q4,Wednesday,,1
15,,2,November,Q4,Saturday,,1
16,,2,November,Q4,Wednesday,,1
17,,2,November,Q4,Wednesday,,1
18,,2,November,Q4,Sunday,,1
18,,2,November,Q4,Monday,,1
18,,2,November,Q4,Saturday,,1
19,,2,November,Q4,Tuesday,,1
20,,2,November,Q4,Monday,,1
20,,2,November,Q4,Friday,,1
21,,2,November,Q4,Sunday,,1
21,,2,November,Q4,Monday,,1
22,,2,November,Q4,Monday,,1
22,,2,November,Q4,Wednesday,,1
22,,2,November,Q4,Thursday,,1
22,,2,November,Q4,Friday,,1
22,,2,November,Q4,Saturday,,1
23,,2,November,Q4,Sunday,,1
23,,2,November,Q4,Friday,,1
0,,3,December,Q4,Thursday,,1
1,,3,December,Q4,Wednesday,,1
1,,3,December,Q4,Thursday,,1
2,,3,December,Q4,Sunday,,1
2,,3,December,Q4,Monday,,1
2,,3,December,Q4,Saturday,,1
3,,3,December,Q4,Thursday,,1
3,,3,December,Q4,Friday,,1
4,,3,December,Q4,Tuesday,,1
4,,3,December,Q4,Saturday,,1
5,,3,December,Q4,Sunday,,1
5,,3,December,Q4,Wednesday,,1
5,,3,December,Q4,Friday,,1
6,,3,December,Q4,Tuesday,,1
6,,3,December,Q4,Thursday,,1
7,,3,December,Q4,Monday,,1
7,,3,December,Q4,Tuesday,,1
8,,3,December,Q4,Tuesday,,1
8,,3,December,Q4,Wednesday,,1
8,,3,December,Q4,Friday,,1
9,,3,December,Q4,Tuesday,,1
9,,3,December,Q4,Thursday,,1
10,,3,December,Q4,Sunday,,1
10,,3,December,Q4,Friday,,1
10,,3,December,Q4,Saturday,,1
11,,3,December,Q4,Tuesday,,1
12,,3,December,Q4,Sunday,,1
12,,3,December,Q4,Monday,,1
12,,3,December,Q4,Wednesday,,1
12,,3,December,Q4,Saturday,,1
13,,3,December,Q4,Monday,,1
13,,3,December,Q4,Thursday,,1
13,,3,December,Q4,Saturday,,1
14,,3,December,Q4,Tuesday,,1
15,,3,December,Q4,Monday,,1
15,,3,December,Q4,Tuesday,,1
15,,3,December,Q4,Thursday,,1
16,,3,December,Q4,Sunday,,1
16,,3,December,Q4,Monday,,1
16,,3,December,Q4,Wednesday,,1
16,,3,December,Q4,Thursday,,1
16,,3,December,Q4,Saturday,,1
17,,3,December,Q4,Tuesday,,1
17,,3,December,Q4,Wednesday,,1
17,,3,December,Q4,Saturday,,1
18,,3,December,Q4,Sunday,,1
18,,3,December,Q4,Monday,,1
18,,3,December,Q4,Wednesday,,1
19,,3,December,Q4,Monday,,1
20,,3,December,Q4,Tuesday,,1
20,,3,December,Q4,Wednesday,,1
20,,3,December,Q4,Friday,,1
20,,3,December,Q4,Saturday,,1
21,,3,December,Q4,Sunday,,1
21,,3,December,Q4,Tuesday,,1
21,,3,December,Q4,Saturday,,1
22,,3,December,Q4,Monday,,1
22,,3,December,Q4,Saturday,,1
23,,3,December,Q4,Monday,,1
23,,3,December,Q4,Wednesday,,1
23,,3,December,Q4,Thursday,,1
1,,1,January,Q1,Tuesday,,2
5,,1,January,Q1,Sunday,,2
8,,1,January,Q1,Monday,,2
11,,1,January,Q1,Wednesday,,2
12,,1,January,Q1,Monday,,2
12,,1,January,Q1,Saturday,,2
17,,1,January,Q1,Sunday,,2
17,,1,January,Q1,Tuesday,,2
18,,1,January,Q1,Monday,,2
23,,1,January,Q1,Wednesday,,2
0,,2,February,Q1,Saturday,,2
7,,2,February,Q1,Saturday,,2
9,,2,February,Q1,Wednesday,,2
14,,2,February,Q1,Wednesday,,2
19,,2,February,Q1,Sunday,,2
0,,3,March,Q1,Tuesday,,2
0,,3,March,Q1,Wednesday,,2
2,,3,March,Q1,Sunday,,2
2,,3,March,Q1,Thursday,,2
3,,3,March,Q1,Sunday,,2
4,,3,March,Q1,Sunday,,2
6,,3,March,Q1,Sunday,,2
9,,3,March,Q1,Monday,,2
9,,3,March,Q1,Saturday,,2
10,,3,March,Q1,Monday,,2
11,,3,March,Q1,Sunday,,2
11,,3,March,Q1,Wednesday,,2
13,,3,March,Q1,Saturday,,2
17,,3,March,Q1,Wednesday,,2
19,,3,March,Q1,Tuesday,,2
20,,3,March,Q1,Monday,,2
21,,3,March,Q1,Saturday,,2
22,,3,March,Q1,Monday,,2
22,,3,March,Q1,Saturday,,2
23,,3,March,Q1,Sunday,,2
23,,3,March,Q1,Tuesday,,2
0,,1,April,Q2,Monday,,2
0,,1,April,Q2,Saturday,,2
4,,1,April,Q2,Wednesday,,2
5,,1,April,Q2,Sunday,,2
5,,1,April,Q2,Tuesday,,2
6,,1,April,Q2,Sunday,,2
6,,1,April,Q2,Tuesday,,2
6,,1,April,Q2,Wednesday,,2
8,,1,April,Q2,Thursday,,2
10,,1,April,Q2,Tuesday,,2
14,,1,April,Q2,Monday,,2
17,,1,April,Q2,Tuesday,,2
17,,1,April,Q2,Wednesday,,2
19,,1,April,Q2,Monday,,2
19,,1,April,Q2,Tuesday,,2
20,,1,April,Q2,Friday,,2
23,,1,April,Q2,Monday,,2
0,,2,May,Q2,Sunday,,2
0,,2,May,Q2,Monday,,2
0,,2,May,Q2,Wednesday,,2
1,,2,May,Q2,Sunday,,2
2,,2,May,Q2,Sunday,,2
3,,2,May,Q2,Saturday,,2
4,,2,May,Q2,Monday,,2
7,,2,May,Q2,Monday,,2
10,,2,May,Q2,Sunday,,2
10,,2,May,Q2,Saturday,,2
14,,2,May,Q2,Sunday,,2
14,,2,May,Q2,Tuesday,,2
15,,2,May,Q2,Wednesday,,2
15,,2,May,Q2,Thursday,,2
17,,2,May,Q2,Tuesday,,2
17,,2,May,Q2,Thursday,,2
19,,2,May,Q2,Monday,,2
20,,2,May,Q2,Wednesday,,2
21,,2,May,Q2,Thursday,,2
22,,2,May,Q2,Sunday,,2
22,,2,May,Q2,Tuesday,,2
0,,3,June,Q2,Monday,,2
0,,3,June,Q2,Saturday,,2
1,,3,June,Q2,Tuesday,,2
1,,3,June,Q2,Wednesday,,2
3,,3,June,Q2,Monday,,2
3,,3,June,Q2,Tuesday,,2
4,,3,June,Q2,Wednesday,,2
4,,3,June,Q2,Saturday,,2
6,,3,June,Q2,Saturday,,2
7,,3,June,Q2,Sunday,,2
7,,3,June,Q2,Monday,,2
8,,3,June,Q2,Saturday,,2
10,,3,June,Q2,Monday,,2
16,,3,June,Q2,Saturday,,2
17,,3,June,Q2,Tuesday,,2
17,,3,June,Q2,Wednesday,,2
20,,3,June,Q2,Wednesday,,2
22,,3,June,Q2,Monday,,2
22,,3,June,Q2,Tuesday,,2
22,,3,June,Q2,Thursday,,2
23,,3,June,Q2,Tuesday,,2
3,,1,July,Q3,Friday,,2
4,,1,July,Q3,Sunday,,2
4,,1,July,Q3,Monday,,2
6,,1,July,Q3,Tuesday,,2
6,,1,July,Q3,Wednesday,,2
6,,1,July,Q3,Thursday,,2
7,,1,July,Q3,Wednesday,,2
8,,1,July,Q3,Wednesday,,2
12,,1,July,Q3,Saturday,,2
14,,1,July,Q3,Tuesday,,2
15,,1,July,Q3,Monday,,2
16,,1,July,Q3,Tuesday,,2
18,,1,July,Q3,Wednesday,,2
18,,1,July,Q3,Saturday,,2
19,,1,July,Q3,Sunday,,2
19,,1,July,Q3,Tuesday,,2
20,,1,July,Q3,Sunday,,2
21,,1,July,Q3,Wednesday,,2
22,,1,July,Q3,Monday,,2
23,,1,July,Q3,Thursday,,2
0,,2,August,Q3,Monday,,2
0,,2,August,Q3,Wednesday,,2
1,,2,August,Q3,Monday,,2
1,,2,August,Q3,Tuesday,,2
2,,2,August,Q3,Saturday,,2
7,,2,August,Q3,Saturday,,2
8,,2,August,Q3,Sunday,,2
9,,2,August,Q3,Tuesday,,2
9,,2,August,Q3,Saturday,,2
14,,2,August,Q3,Sunday,,2
19,,2,August,Q3,Sunday,,2
20,,2,August,Q3,Thursday,,2
23,,2,August,Q3,Monday,,2
23,,2,August,Q3,Thursday,,2
1,,3,September,Q3,Sunday,,2
1,,3,September,Q3,Tuesday,,2
2,,3,September,Q3,Monday,,2
3,,3,September,Q3,Wednesday,,2
6,,3,September,Q3,Sunday,,2
6,,3,September,Q3,Wednesday,,2
6,,3,September,Q3,Saturday,,2
7,,3,September,Q3,Monday,,2
8,,3,September,Q3,Monday,,2
9,,3,September,Q3,Monday,,2
9,,3,September,Q3,Tuesday,,2
10,,3,September,Q3,Sunday,,2
11,,3,September,Q3,Monday,,2
11,,3,September,Q3,Tuesday,,2
11,,3,September,Q3,Wednesday,,2
11,,3,September,Q3,Saturday,,2
14,,3,September,Q3,Sunday,,2
15,,3,September,Q3,Monday,,2
15,,3,September,Q3,Wednesday,,2
15,,3,September,Q3,Saturday,,2
16,,3,September,Q3,Monday,,2
16,,3,September,Q3,Thursday,,2
17,,3,September,Q3,Monday,,2
17,,3,September,Q3,Tuesday,,2
18,,3,September,Q3,Tuesday,,2
18,,3,September,Q3,Thursday,,2
20,,3,September,Q3,Sunday,,2
20,,3,September,Q3,Saturday,,2
21,,3,September,Q3,Sunday,,2
22,,3,September,Q3,Monday,,2
23,,3,September,Q3,Monday,,2
0,,1,October,Q4,Sunday,,2
0,,1,October,Q4,Monday,,2
0,,1,October,Q4,Wednesday,,2
1,,1,October,Q4,Tuesday,,2
1,,1,October,Q4,Saturday,,2
5,,1,October,Q4,Saturday,,2
6,,1,October,Q4,Monday,,2
7,,1,October,Q4,Monday,,2
8,,1,October,Q4,Saturday,,2
9,,1,October,Q4,Sunday,,2
11,,1,October,Q4,Saturday,,2
12,,1,October,Q4,Sunday,,2
12,,1,October,Q4,Tuesday,,2
15,,1,October,Q4,Wednesday,,2
15,,1,October,Q4,Saturday,,2
16,,1,October,Q4,Sunday,,2
17,,1,October,Q4,Sunday,,2
18,,1,October,Q4,Sunday,,2
18,,1,October,Q4,Tuesday,,2
19,,1,October,Q4,Tuesday,,2
20,,1,October,Q4,Sunday,,2
22,,1,October,Q4,Saturday,,2
23,,1,October,Q4,Monday,,2
23,,1,October,Q4,Wednesday,,2
0,,2,November,Q4,Sunday,,2
0,,2,November,Q4,Thursday,,2
1,,2,November,Q4,Tuesday,,2
1,,2,November,Q4,Thursday,,2
1,,2,November,Q4,Saturday,,2
2,,2,November,Q4,Saturday,,2
3,,2,November,Q4,Saturday,,2
4,,2,November,Q4,Sunday,,2
4,,2,November,Q4,Tuesday,,2
4,,2,November,Q4,Friday,,2
5,,2,November,Q4,Monday,,2
5,,2,November,Q4,Wednesday,,2
5,,2,November,Q4,Saturday,,2
6,,2,November,Q4,Tuesday,,2
7,,2,November,Q4,Thursday,,2
7,,2,November,Q4,Saturday,,2
8,,2,November,Q4,Sunday,,2
8,,2,November,Q4,Thursday,,2
9,,2,November,Q4,Sunday,,2
9,,2,November,Q4,Tuesday,,2
9,,2,November,Q4,Wednesday,,2
10,,2,November,Q4,Sunday,,2
10,,2,November,Q4,Monday,,2
10,,2,November,Q4,Wednesday,,2
10,,2,November,Q4,Thursday,,2
11,,2,November,Q4,Monday,,2
11,,2,November,Q4,Saturday,,2
12,,2,November,Q4,Sunday,,2
13,,2,November,Q4,Wednesday,,2
14,,2,November,Q4,Monday,,2
14,,2,November,Q4,Wednesday,,2
14,,2,November,Q4,Saturday,,2
16,,2,November,Q4,Tuesday,,2
17,,2,November,Q4,Sunday,,2
17,,2,November,Q4,Thursday,,2
18,,2,November,Q4,Tuesday,,2
18,,2,November,Q4,Wednesday,,2
18,,2,November,Q4,Thursday,,2
19,,2,November,Q4,Sunday,,2
23,,2,November,Q4,Monday,,2
23,,2,November,Q4,Tuesday,,2
23,,2,November,Q4,Wednesday,,2
0,,3,December,Q4,Sunday,,2
0,,3,December,Q4,Tuesday,,2
1,,3,December,Q4,Monday,,2
1,,3,December,Q4,Tuesday,,2
2,,3,December,Q4,Tuesday,,2
2,,3,December,Q4,Wednesday,,2
3,,3,December,Q4,Tuesday,,2
3,,3,December,Q4,Wednesday,,2
4,,3,December,Q4,Monday,,2
4,,3,December,Q4,Wednesday,,2
5,,3,December,Q4,Thursday,,2
5,,3,December,Q4,Saturday,,2
6,,3,December,Q4,Saturday,,2
7,,3,December,Q4,Wednesday,,2
7,,3,December,Q4,Thursday,,2
7,,3,December,Q4,Saturday,,2
9,,3,December,Q4,Monday,,2
9,,3,December,Q4,Wednesday,,2
10,,3,December,Q4,Tuesday,,2
11,,3,December,Q4,Friday,,2
13,,3,December,Q4,Tuesday,,2
13,,3,December,Q4,Wednesday,,2
14,,3,December,Q4,Monday,,2
14,,3,December,Q4,Wednesday,,2
14,,3,December,Q4,Thursday,,2
16,,3,December,Q4,Tuesday,,2
17,,3,December,Q4,Sunday,,2
19,,3,December,Q4,Wednesday,,2
20,,3,December,Q4,Sunday,,2
20,,3,December,Q4,Monday,,2
21,,3,December,Q4,Monday,,2
21,,3,December,Q4,Wednesday,,2
22,,3,December,Q4,Sunday,,2
22,,3,December,Q4,Tuesday,,2
22,,3,December,Q4,Wednesday,,2
23,,3,December,Q4,Sunday,,2
20,,1,January,Q1,Wednesday,,3
2,,2,February,Q1,Monday,,3
2,,2,February,Q1,Tuesday,,3
11,,2,February,Q1,Wednesday,,3
13,,2,February,Q1,Sunday,,3
9,,3,March,Q1,Sunday,,3
13,,3,March,Q1,Sunday,,3
14,,3,March,Q1,Tuesday,,3
1,,1,April,Q2,Wednesday,,3
2,,1,April,Q2,Tuesday,,3
9,,1,April,Q2,Tuesday,,3
11,,1,April,Q2,Sunday,,3
14,,1,April,Q2,Tuesday,,3
15,,1,April,Q2,Tuesday,,3
18,,1,April,Q2,Wednesday,,3
6,,2,May,Q2,Sunday,,3
7,,2,May,Q2,Saturday,,3
16,,2,May,Q2,Tuesday,,3
19,,2,May,Q2,Wednesday,,3
20,,2,May,Q2,Monday,,3
10,,3,June,Q2,Sunday,,3
11,,3,June,Q2,Saturday,,3
13,,3,June,Q2,Saturday,,3
17,,3,June,Q2,Monday,,3
19,,3,June,Q2,Saturday,,3
22,,3,June,Q2,Wednesday,,3
23,,3,June,Q2,Monday,,3
2,,1,July,Q3,Monday,,3
3,,1,July,Q3,Sunday,,3
8,,1,July,Q3,Monday,,3
12,,1,July,Q3,Monday,,3
12,,1,July,Q3,Wednesday,,3
18,,1,July,Q3,Tuesday,,3
2,,2,August,Q3,Tuesday,,3
11,,2,August,Q3,Monday,,3
17,,2,August,Q3,Wednesday,,3
17,,2,August,Q3,Saturday,,3
19,,2,August,Q3,Wednesday,,3
23,,2,August,Q3,Sunday,,3
0,,3,September,Q3,Sunday,,3
0,,3,September,Q3,Tuesday,,3
0,,3,September,Q3,Wednesday,,3
2,,3,September,Q3,Tuesday,,3
4,,3,September,Q3,Monday,,3
4,,3,September,Q3,Saturday,,3
7,,3,September,Q3,Sunday,,3
8,,3,September,Q3,Sunday,,3
8,,3,September,Q3,Tuesday,,3
8,,3,September,Q3,Wednesday,,3
8,,3,September,Q3,Saturday,,3
9,,3,September,Q3,Sunday,,3
10,,3,September,Q3,Monday,,3
11,,3,September,Q3,Sunday,,3
12,,3,September,Q3,Sunday,,3
12,,3,September,Q3,Monday,,3
12,,3,September,Q3,Saturday,,3
13,,3,September,Q3,Wednesday,,3
16,,3,September,Q3,Wednesday,,3
17,,3,September,Q3,Sunday,,3
17,,3,September,Q3,Saturday,,3
19,,3,September,Q3,Thursday,,3
20,,3,September,Q3,Monday,,3
21,,3,September,Q3,Tuesday,,3
22,,3,September,Q3,Tuesday,,3
4,,1,October,Q4,Wednesday,,3
5,,1,October,Q4,Monday,,3
9,,1,October,Q4,Monday,,3
9,,1,October,Q4,Saturday,,3
10,,1,October,Q4,Sunday,,3
11,,1,October,Q4,Tuesday,,3
11,,1,October,Q4,Wednesday,,3
14,,1,October,Q4,Saturday,,3
18,,1,October,Q4,Thursday,,3
0,,2,November,Q4,Wednesday,,3
1,,2,November,Q4,Sunday,,3
1,,2,November,Q4,Wednesday,,3
4,,2,November,Q4,Thursday,,3
4,,2,November,Q4,Saturday,,3
5,,2,November,Q4,Tuesday,,3
6,,2,November,Q4,Wednesday,,3
7,,2,November,Q4,Sunday,,3
8,,2,November,Q4,Tuesday,,3
11,,2,November,Q4,Sunday,,3
13,,2,November,Q4,Saturday,,3
15,,2,November,Q4,Sunday,,3
16,,2,November,Q4,Saturday,,3
17,,2,November,Q4,Monday,,3
17,,2,November,Q4,Tuesday,,3
17,,2,November,Q4,Saturday,,3
20,,2,November,Q4,Sunday,,3
21,,2,November,Q4,Tuesday,,3
21,,2,November,Q4,Wednesday,,3
1,,3,December,Q4,Saturday,,3
3,,3,December,Q4,Sunday,,3
3,,3,December,Q4,Monday,,3
6,,3,December,Q4,Monday,,3
7,,3,December,Q4,Sunday,,3
8,,3,December,Q4,Sunday,,3
8,,3,December,Q4,Monday,,3
8,,3,December,Q4,Saturday,,3
10,,3,December,Q4,Monday,,3
11,,3,December,Q4,Sunday,,3
11,,3,December,Q4,Wednesday,,3
12,,3,December,Q4,Tuesday,,3
13,,3,December,Q4,Sunday,,3
14,,3,December,Q4,Saturday,,3
15,,3,December,Q4,Sunday,,3
15,,3,December,Q4,Saturday,,3
18,,3,December,Q4,Tuesday,,3
19,,3,December,Q4,Sunday,,3
19,,3,December,Q4,Tuesday,,3
19,,3,December,Q4,Saturday,,3
10,,3,March,Q1,Wednesday,,4
0,,1,April,Q2,Thursday,,4
5,,1,April,Q2,Monday,,4
6,,3,June,Q2,Monday,,4
15,,3,June,Q2,Sunday,,4
14,,1,July,Q3,Sunday,,4
21,,2,August,Q3,Saturday,,4
1,,3,September,Q3,Monday,,4
4,,3,September,Q3,Sunday,,4
6,,3,September,Q3,Monday,,4
14,,3,September,Q3,Wednesday,,4
15,,3,September,Q3,Sunday,,4
17,,3,September,Q3,Wednesday,,4
21,,3,September,Q3,Monday,,4
23,,3,September,Q3,Wednesday,,4
9,,1,October,Q4,Wednesday,,4
13,,1,October,Q4,Wednesday,,4
14,,1,October,Q4,Monday,,4
20,,1,October,Q4,Wednesday,,4
0,,2,November,Q4,Monday,,4
3,,2,November,Q4,Monday,,4
3,,2,November,Q4,Wednesday,,4
5,,2,November,Q4,Sunday,,4
6,,2,November,Q4,Sunday,,4
7,,2,November,Q4,Tuesday,,4
8,,2,November,Q4,Monday,,4
8,,2,November,Q4,Wednesday,,4
16,,2,November,Q4,Thursday,,4
21,,2,November,Q4,Saturday,,4
22,,2,November,Q4,Tuesday,,4
0,,3,December,Q4,Wednesday,,4
5,,3,December,Q4,Monday,,4
6,,3,December,Q4,Wednesday,,4
11,,3,December,Q4,Monday,,4
23,,3,December,Q4,Tuesday,,4
8,,3,June,Q2,Wednesday,,5
18,,3,September,Q3,Saturday,,5
3,,2,November,Q4,Tuesday,,5
6,,2,November,Q4,Saturday,,5
8,,2,November,Q4,Saturday,,5
13,,2,November,Q4,Monday,,5
17,,3,December,Q4,Monday,,5
16,,1,July,Q3,Wednesday,,6
23,,2,November,Q4,Saturday,,6
9,,3,December,Q4,Sunday,,6
16,,2,November,Q4,Sunday,,7
,15,1,January,Q1,Thursday,-14,
,21,1,January,Q1,Saturday,-20,
,22,1,January,Q1,Monday,-22,
,23,1,January,Q1,Sunday,-20,
,23,1,January,Q1,Tuesday,-22,
,23,1,January,Q1,Wednesday,-23,
,14,2,February,Q1,Monday,-14,
,19,2,February,Q1,Thursday,-17,
,21,2,February,Q1,Tuesday,-19,
,21,2,February,Q1,Wednesday,-18,
,21,2,February,Q1,Saturday,-21,
,22,2,February,Q1,Sunday,-18,
,20,3,March,Q1,Friday,-16,
,21,3,March,Q1,Thursday,-19,
,22,3,March,Q1,Wednesday,-22,
,23,3,March,Q1,Sunday,-23,
,23,3,March,Q1,Monday,-23,
,23,3,March,Q1,Tuesday,-23,
,23,3,March,Q1,Saturday,-23,
,17,1,April,Q2,Saturday,-17,
,20,1,April,Q2,Friday,-18,
,22,1,April,Q2,Tuesday,-22,
,22,1,April,Q2,Thursday,-22,
,23,1,April,Q2,Sunday,-20,
,23,1,April,Q2,Monday,-23,
,23,1,April,Q2,Wednesday,-22,
,11,2,May,Q2,Friday,-8,
,21,2,May,Q2,Thursday,-21,
,22,2,May,Q2,Sunday,-22,
,22,2,May,Q2,Saturday,-22,
,23,2,May,Q2,Monday,-23,
,23,2,May,Q2,Tuesday,-23,
,23,2,May,Q2,Wednesday,-23,
,15,3,June,Q2,Friday,-7,
,21,3,June,Q2,Saturday,-21,
,22,3,June,Q2,Wednesday,-22,
,23,3,June,Q2,Sunday,-23,
,23,3,June,Q2,Monday,-23,
,23,3,June,Q2,Tuesday,-22,
,23,3,June,Q2,Thursday,-23,
,20,1,July,Q3,Sunday,-19,
,20,1,July,Q3,Tuesday,-20,
,21,1,July,Q3,Friday,-18,
,22,1,July,Q3,Monday,-20,
,22,1,July,Q3,Saturday,-22,
,23,1,July,Q3,Wednesday,-19,
,23,1,July,Q3,Thursday,-20,
,16,2,August,Q3,Friday,-10,
,22,2,August,Q3,Tuesday,-21,
,23,2,August,Q3,Sunday,-23,
,23,2,August,Q3,Monday,-23,
,23,2,August,Q3,Wednesday,-23,
,23,2,August,Q3,Thursday,-23,
,23,2,August,Q3,Saturday,-23,
,12,3,September,Q3,Friday,-10,
,22,3,September,Q3,Thursday,-21,
,22,3,September,Q3,Saturday,-22,
,23,3,September,Q3,Sunday,-23,
,23,3,September,Q3,Monday,-23,
,23,3,September,Q3,Tuesday,-23,
,23,3,September,Q3,Wednesday,-23,
,20,1,October,Q4,Friday,0,
,21,1,October,Q4,Sunday,-21,
,22,1,October,Q4,Tuesday,-21,
,23,1,October,Q4,Monday,-23,
,23,1,October,Q4,Wednesday,-23,
,23,1,October,Q4,Thursday,-23,
,23,1,October,Q4,Saturday,-23,
,22,2,November,Q4,Thursday,-22,
,23,2,November,Q4,Sunday,-23,
,23,2,November,Q4,Monday,-23,
,23,2,November,Q4,Tuesday,-23,
,23,2,November,Q4,Wednesday,-23,
,23,2,November,Q4,Friday,-20,
,23,2,November,Q4,Saturday,-22,
,20,3,December,Q4,Friday,-17,
,22,3,December,Q4,Saturday,-21,
,23,3,December,Q4,Sunday,-23,
,23,3,December,Q4,Monday,-22,
,23,3,December,Q4,Tuesday,-23,
,23,3,December,Q4,Wednesday,-23,
,23,3,December,Q4,Thursday,-23,
