Borough,Month of Created Date,# of Sightings,Change,End Month,Start Month
BROOKLYN,January 2010,167,INCREASE,February 2021,January 2010
BROOKLYN,February 2010,129,INCREASE,February 2021,January 2010
BROOKLYN,March 2010,279,INCREASE,February 2021,January 2010
BROOKLYN,April 2010,289,INCREASE,February 2021,January 2010
BROOKLYN,May 2010,370,INCREASE,February 2021,January 2010
BROOKLYN,June 2010,371,INCREASE,February 2021,January 2010
BROOKLYN,July 2010,389,INCREASE,February 2021,January 2010
BROOKLYN,August 2010,422,INCREASE,February 2021,January 2010
BROOKLYN,September 2010,365,INCREASE,February 2021,January 2010
BROOKLYN,October 2010,267,INCREASE,February 2021,January 2010
BROOKLYN,November 2010,211,INCREASE,February 2021,January 2010
BROOKLYN,December 2010,140,INCREASE,February 2021,January 2010
BROOKLYN,January 2011,162,INCREASE,February 2021,January 2010
BROOKLYN,February 2011,186,INCREASE,February 2021,January 2010
BROOKLYN,March 2011,298,INCREASE,February 2021,January 2010
BROOKLYN,April 2011,349,INCREASE,February 2021,January 2010
BROOKLYN,May 2011,433,INCREASE,February 2021,January 2010
BROOKLYN,June 2011,465,INCREASE,February 2021,January 2010
BROOKLYN,July 2011,364,INCREASE,February 2021,January 2010
BROOKLYN,August 2011,386,INCREASE,February 2021,January 2010
BROOKLYN,September 2011,362,INCREASE,February 2021,January 2010
BROOKLYN,October 2011,299,INCREASE,February 2021,January 2010
BROOKLYN,November 2011,192,INCREASE,February 2021,January 2010
BROOKLYN,December 2011,175,INCREASE,February 2021,January 2010
BROOKLYN,January 2012,225,INCREASE,February 2021,January 2010
BROOKLYN,February 2012,187,INCREASE,February 2021,January 2010
BROOKLYN,March 2012,268,INCREASE,February 2021,January 2010
BROOKLYN,April 2012,269,INCREASE,February 2021,January 2010
BROOKLYN,May 2012,381,INCREASE,February 2021,January 2010
BROOKLYN,June 2012,366,INCREASE,February 2021,January 2010
BROOKLYN,July 2012,425,INCREASE,February 2021,January 2010
BROOKLYN,August 2012,441,INCREASE,February 2021,January 2010
BROOKLYN,September 2012,349,INCREASE,February 2021,January 2010
BROOKLYN,October 2012,298,INCREASE,February 2021,January 2010
BROOKLYN,November 2012,181,INCREASE,February 2021,January 2010
BROOKLYN,December 2012,210,INCREASE,February 2021,January 2010
BROOKLYN,January 2013,240,INCREASE,February 2021,January 2010
BROOKLYN,February 2013,190,INCREASE,February 2021,January 2010
BROOKLYN,March 2013,256,INCREASE,February 2021,January 2010
BROOKLYN,April 2013,297,INCREASE,February 2021,January 2010
BROOKLYN,May 2013,334,INCREASE,February 2021,January 2010
BROOKLYN,June 2013,370,INCREASE,February 2021,January 2010
BROOKLYN,July 2013,381,INCREASE,February 2021,January 2010
BROOKLYN,August 2013,356,INCREASE,February 2021,January 2010
BROOKLYN,September 2013,300,INCREASE,February 2021,January 2010
BROOKLYN,October 2013,270,INCREASE,February 2021,January 2010
BROOKLYN,November 2013,165,INCREASE,February 2021,January 2010
BROOKLYN,December 2013,141,INCREASE,February 2021,January 2010
BROOKLYN,January 2014,147,INCREASE,February 2021,January 2010
BROOKLYN,February 2014,173,INCREASE,February 2021,January 2010
BROOKLYN,March 2014,193,INCREASE,February 2021,January 2010
BROOKLYN,April 2014,305,INCREASE,February 2021,January 2010
BROOKLYN,May 2014,386,INCREASE,February 2021,January 2010
BROOKLYN,June 2014,442,INCREASE,February 2021,January 2010
BROOKLYN,July 2014,504,INCREASE,February 2021,January 2010
BROOKLYN,August 2014,475,INCREASE,February 2021,January 2010
BROOKLYN,September 2014,427,INCREASE,February 2021,January 2010
BROOKLYN,October 2014,440,INCREASE,February 2021,January 2010
BROOKLYN,November 2014,247,INCREASE,February 2021,January 2010
BROOKLYN,December 2014,229,INCREASE,February 2021,January 2010
BROOKLYN,January 2015,226,INCREASE,February 2021,January 2010
BROOKLYN,February 2015,202,INCREASE,February 2021,January 2010
BROOKLYN,March 2015,321,INCREASE,February 2021,January 2010
BROOKLYN,April 2015,436,INCREASE,February 2021,January 2010
BROOKLYN,May 2015,542,INCREASE,February 2021,January 2010
BROOKLYN,June 2015,630,INCREASE,February 2021,January 2010
BROOKLYN,July 2015,610,INCREASE,February 2021,January 2010
BROOKLYN,August 2015,539,INCREASE,February 2021,January 2010
BROOKLYN,September 2015,539,INCREASE,February 2021,January 2010
BROOKLYN,October 2015,504,INCREASE,February 2021,January 2010
BROOKLYN,November 2015,369,INCREASE,February 2021,January 2010
BROOKLYN,December 2015,346,INCREASE,February 2021,January 2010
BROOKLYN,January 2016,292,INCREASE,February 2021,January 2010
BROOKLYN,February 2016,298,INCREASE,February 2021,January 2010
BROOKLYN,March 2016,399,INCREASE,February 2021,January 2010
BROOKLYN,April 2016,457,INCREASE,February 2021,January 2010
BROOKLYN,May 2016,678,INCREASE,February 2021,January 2010
BROOKLYN,June 2016,681,INCREASE,February 2021,January 2010
BROOKLYN,July 2016,628,INCREASE,February 2021,January 2010
BROOKLYN,August 2016,675,INCREASE,February 2021,January 2010
BROOKLYN,September 2016,591,INCREASE,February 2021,January 2010
BROOKLYN,October 2016,544,INCREASE,February 2021,January 2010
BROOKLYN,November 2016,401,INCREASE,February 2021,January 2010
BROOKLYN,December 2016,335,INCREASE,February 2021,January 2010
BROOKLYN,January 2017,383,INCREASE,February 2021,January 2010
BROOKLYN,February 2017,492,INCREASE,February 2021,January 2010
BROOKLYN,March 2017,490,INCREASE,February 2021,January 2010
BROOKLYN,April 2017,703,INCREASE,February 2021,January 2010
BROOKLYN,May 2017,718,INCREASE,February 2021,January 2010
BROOKLYN,June 2017,770,INCREASE,February 2021,January 2010
BROOKLYN,July 2017,853,INCREASE,February 2021,January 2010
BROOKLYN,August 2017,773,INCREASE,February 2021,January 2010
BROOKLYN,September 2017,641,INCREASE,February 2021,January 2010
BROOKLYN,October 2017,666,INCREASE,February 2021,January 2010
BROOKLYN,November 2017,446,INCREASE,February 2021,January 2010
BROOKLYN,December 2017,318,INCREASE,February 2021,January 2010
BROOKLYN,January 2018,359,INCREASE,February 2021,January 2010
BROOKLYN,February 2018,390,INCREASE,February 2021,January 2010
BROOKLYN,March 2018,412,INCREASE,February 2021,January 2010
BROOKLYN,April 2018,580,INCREASE,February 2021,January 2010
BROOKLYN,May 2018,719,INCREASE,February 2021,January 2010
BROOKLYN,June 2018,743,INCREASE,February 2021,January 2010
BROOKLYN,July 2018,706,INCREASE,February 2021,January 2010
BROOKLYN,August 2018,728,INCREASE,February 2021,January 2010
BROOKLYN,September 2018,608,INCREASE,February 2021,January 2010
BROOKLYN,October 2018,591,INCREASE,February 2021,January 2010
BROOKLYN,November 2018,403,INCREASE,February 2021,January 2010
BROOKLYN,December 2018,329,INCREASE,February 2021,January 2010
BROOKLYN,January 2019,353,INCREASE,February 2021,January 2010
BROOKLYN,February 2019,307,INCREASE,February 2021,January 2010
BROOKLYN,March 2019,413,INCREASE,February 2021,January 2010
BROOKLYN,April 2019,647,INCREASE,February 2021,January 2010
BROOKLYN,May 2019,794,INCREASE,February 2021,January 2010
BROOKLYN,June 2019,692,INCREASE,February 2021,January 2010
BROOKLYN,July 2019,669,INCREASE,February 2021,January 2010
BROOKLYN,August 2019,669,INCREASE,February 2021,January 2010
BROOKLYN,September 2019,635,INCREASE,February 2021,January 2010
BROOKLYN,October 2019,543,INCREASE,February 2021,January 2010
BROOKLYN,November 2019,402,INCREASE,February 2021,January 2010
BROOKLYN,December 2019,290,INCREASE,February 2021,January 2010
BROOKLYN,January 2020,405,INCREASE,February 2021,January 2010
BROOKLYN,February 2020,405,INCREASE,February 2021,January 2010
BROOKLYN,March 2020,358,INCREASE,February 2021,January 2010
BROOKLYN,April 2020,368,INCREASE,February 2021,January 2010
BROOKLYN,May 2020,638,INCREASE,February 2021,January 2010
BROOKLYN,June 2020,648,INCREASE,February 2021,January 2010
BROOKLYN,July 2020,714,INCREASE,February 2021,January 2010
BROOKLYN,August 2020,632,INCREASE,February 2021,January 2010
BROOKLYN,September 2020,618,INCREASE,February 2021,January 2010
BROOKLYN,October 2020,533,INCREASE,February 2021,January 2010
BROOKLYN,November 2020,358,INCREASE,February 2021,January 2010
BROOKLYN,December 2020,317,INCREASE,February 2021,January 2010
BROOKLYN,January 2021,412,INCREASE,February 2021,January 2010
BROOKLYN,February 2021,196,INCREASE,February 2021,January 2010
MANHATTAN,January 2010,137,INCREASE,February 2021,January 2010
MANHATTAN,February 2010,120,INCREASE,February 2021,January 2010
MANHATTAN,March 2010,260,INCREASE,February 2021,January 2010
MANHATTAN,April 2010,242,INCREASE,February 2021,January 2010
MANHATTAN,May 2010,279,INCREASE,February 2021,January 2010
MANHATTAN,June 2010,300,INCREASE,February 2021,January 2010
MANHATTAN,July 2010,362,INCREASE,February 2021,January 2010
MANHATTAN,August 2010,356,INCREASE,February 2021,January 2010
MANHATTAN,September 2010,267,INCREASE,February 2021,January 2010
MANHATTAN,October 2010,244,INCREASE,February 2021,January 2010
MANHATTAN,November 2010,205,INCREASE,February 2021,January 2010
MANHATTAN,December 2010,95,INCREASE,February 2021,January 2010
MANHATTAN,January 2011,126,INCREASE,February 2021,January 2010
MANHATTAN,February 2011,140,INCREASE,February 2021,January 2010
MANHATTAN,March 2011,193,INCREASE,February 2021,January 2010
MANHATTAN,April 2011,258,INCREASE,February 2021,January 2010
MANHATTAN,May 2011,255,INCREASE,February 2021,January 2010
MANHATTAN,June 2011,271,INCREASE,February 2021,January 2010
MANHATTAN,July 2011,213,INCREASE,February 2021,January 2010
MANHATTAN,August 2011,258,INCREASE,February 2021,January 2010
MANHATTAN,September 2011,273,INCREASE,February 2021,January 2010
MANHATTAN,October 2011,172,INCREASE,February 2021,January 2010
MANHATTAN,November 2011,158,INCREASE,February 2021,January 2010
MANHATTAN,December 2011,144,INCREASE,February 2021,January 2010
MANHATTAN,January 2012,212,INCREASE,February 2021,January 2010
MANHATTAN,February 2012,162,INCREASE,February 2021,January 2010
MANHATTAN,March 2012,202,INCREASE,February 2021,January 2010
MANHATTAN,April 2012,216,INCREASE,February 2021,January 2010
MANHATTAN,May 2012,303,INCREASE,February 2021,January 2010
MANHATTAN,June 2012,272,INCREASE,February 2021,January 2010
MANHATTAN,July 2012,281,INCREASE,February 2021,January 2010
MANHATTAN,August 2012,312,INCREASE,February 2021,January 2010
MANHATTAN,September 2012,253,INCREASE,February 2021,January 2010
MANHATTAN,October 2012,264,INCREASE,February 2021,January 2010
MANHATTAN,November 2012,191,INCREASE,February 2021,January 2010
MANHATTAN,December 2012,189,INCREASE,February 2021,January 2010
MANHATTAN,January 2013,209,INCREASE,February 2021,January 2010
MANHATTAN,February 2013,193,INCREASE,February 2021,January 2010
MANHATTAN,March 2013,239,INCREASE,February 2021,January 2010
MANHATTAN,April 2013,281,INCREASE,February 2021,January 2010
MANHATTAN,May 2013,313,INCREASE,February 2021,January 2010
MANHATTAN,June 2013,332,INCREASE,February 2021,January 2010
MANHATTAN,July 2013,334,INCREASE,February 2021,January 2010
MANHATTAN,August 2013,273,INCREASE,February 2021,January 2010
MANHATTAN,September 2013,270,INCREASE,February 2021,January 2010
MANHATTAN,October 2013,242,INCREASE,February 2021,January 2010
MANHATTAN,November 2013,181,INCREASE,February 2021,January 2010
MANHATTAN,December 2013,151,INCREASE,February 2021,January 2010
MANHATTAN,January 2014,157,INCREASE,February 2021,January 2010
MANHATTAN,February 2014,145,INCREASE,February 2021,January 2010
MANHATTAN,March 2014,244,INCREASE,February 2021,January 2010
MANHATTAN,April 2014,288,INCREASE,February 2021,January 2010
MANHATTAN,May 2014,346,INCREASE,February 2021,January 2010
MANHATTAN,June 2014,386,INCREASE,February 2021,January 2010
MANHATTAN,July 2014,346,INCREASE,February 2021,January 2010
MANHATTAN,August 2014,332,INCREASE,February 2021,January 2010
MANHATTAN,September 2014,349,INCREASE,February 2021,January 2010
MANHATTAN,October 2014,456,INCREASE,February 2021,January 2010
MANHATTAN,November 2014,263,INCREASE,February 2021,January 2010
MANHATTAN,December 2014,229,INCREASE,February 2021,January 2010
MANHATTAN,January 2015,211,INCREASE,February 2021,January 2010
MANHATTAN,February 2015,153,INCREASE,February 2021,January 2010
MANHATTAN,March 2015,267,INCREASE,February 2021,January 2010
MANHATTAN,April 2015,344,INCREASE,February 2021,January 2010
MANHATTAN,May 2015,434,INCREASE,February 2021,January 2010
MANHATTAN,June 2015,333,INCREASE,February 2021,January 2010
MANHATTAN,July 2015,447,INCREASE,February 2021,January 2010
MANHATTAN,August 2015,398,INCREASE,February 2021,January 2010
MANHATTAN,September 2015,466,INCREASE,February 2021,January 2010
MANHATTAN,October 2015,451,INCREASE,February 2021,January 2010
MANHATTAN,November 2015,329,INCREASE,February 2021,January 2010
MANHATTAN,December 2015,291,INCREASE,February 2021,January 2010
MANHATTAN,January 2016,297,INCREASE,February 2021,January 2010
MANHATTAN,February 2016,344,INCREASE,February 2021,January 2010
MANHATTAN,March 2016,357,INCREASE,February 2021,January 2010
MANHATTAN,April 2016,380,INCREASE,February 2021,January 2010
MANHATTAN,May 2016,471,INCREASE,February 2021,January 2010
MANHATTAN,June 2016,462,INCREASE,February 2021,January 2010
MANHATTAN,July 2016,441,INCREASE,February 2021,January 2010
MANHATTAN,August 2016,422,INCREASE,February 2021,January 2010
MANHATTAN,September 2016,493,INCREASE,February 2021,January 2010
MANHATTAN,October 2016,376,INCREASE,February 2021,January 2010
MANHATTAN,November 2016,306,INCREASE,February 2021,January 2010
MANHATTAN,December 2016,261,INCREASE,February 2021,January 2010
MANHATTAN,January 2017,306,INCREASE,February 2021,January 2010
MANHATTAN,February 2017,361,INCREASE,February 2021,January 2010
MANHATTAN,March 2017,342,INCREASE,February 2021,January 2010
MANHATTAN,April 2017,363,INCREASE,February 2021,January 2010
MANHATTAN,May 2017,417,INCREASE,February 2021,January 2010
MANHATTAN,June 2017,376,INCREASE,February 2021,January 2010
MANHATTAN,July 2017,492,INCREASE,February 2021,January 2010
MANHATTAN,August 2017,481,INCREASE,February 2021,January 2010
MANHATTAN,September 2017,402,INCREASE,February 2021,January 2010
MANHATTAN,October 2017,462,INCREASE,February 2021,January 2010
MANHATTAN,November 2017,287,INCREASE,February 2021,January 2010
MANHATTAN,December 2017,218,INCREASE,February 2021,January 2010
MANHATTAN,January 2018,230,INCREASE,February 2021,January 2010
MANHATTAN,February 2018,253,INCREASE,February 2021,January 2010
MANHATTAN,March 2018,268,INCREASE,February 2021,January 2010
MANHATTAN,April 2018,343,INCREASE,February 2021,January 2010
MANHATTAN,May 2018,426,INCREASE,February 2021,January 2010
MANHATTAN,June 2018,442,INCREASE,February 2021,January 2010
MANHATTAN,July 2018,452,INCREASE,February 2021,January 2010
MANHATTAN,August 2018,460,INCREASE,February 2021,January 2010
MANHATTAN,September 2018,443,INCREASE,February 2021,January 2010
MANHATTAN,October 2018,459,INCREASE,February 2021,January 2010
MANHATTAN,November 2018,270,INCREASE,February 2021,January 2010
MANHATTAN,December 2018,250,INCREASE,February 2021,January 2010
MANHATTAN,January 2019,268,INCREASE,February 2021,January 2010
MANHATTAN,February 2019,229,INCREASE,February 2021,January 2010
MANHATTAN,March 2019,282,INCREASE,February 2021,January 2010
MANHATTAN,April 2019,398,INCREASE,February 2021,January 2010
MANHATTAN,May 2019,511,INCREASE,February 2021,January 2010
MANHATTAN,June 2019,474,INCREASE,February 2021,January 2010
MANHATTAN,July 2019,484,INCREASE,February 2021,January 2010
MANHATTAN,August 2019,456,INCREASE,February 2021,January 2010
MANHATTAN,September 2019,404,INCREASE,February 2021,January 2010
MANHATTAN,October 2019,357,INCREASE,February 2021,January 2010
MANHATTAN,November 2019,245,INCREASE,February 2021,January 2010
MANHATTAN,December 2019,210,INCREASE,February 2021,January 2010
MANHATTAN,January 2020,303,INCREASE,February 2021,January 2010
MANHATTAN,February 2020,303,INCREASE,February 2021,January 2010
MANHATTAN,March 2020,270,INCREASE,February 2021,January 2010
MANHATTAN,April 2020,284,INCREASE,February 2021,January 2010
MANHATTAN,May 2020,417,INCREASE,February 2021,January 2010
MANHATTAN,June 2020,366,INCREASE,February 2021,January 2010
MANHATTAN,July 2020,401,INCREASE,February 2021,January 2010
MANHATTAN,August 2020,481,INCREASE,February 2021,January 2010
MANHATTAN,September 2020,436,INCREASE,February 2021,January 2010
MANHATTAN,October 2020,372,INCREASE,February 2021,January 2010
MANHATTAN,November 2020,311,INCREASE,February 2021,January 2010
MANHATTAN,December 2020,236,INCREASE,February 2021,January 2010
MANHATTAN,January 2021,423,INCREASE,February 2021,January 2010
MANHATTAN,February 2021,180,INCREASE,February 2021,January 2010
BRONX,January 2010,118,DECREASE,February 2021,January 2010
BRONX,February 2010,107,DECREASE,February 2021,January 2010
BRONX,March 2010,160,DECREASE,February 2021,January 2010
BRONX,April 2010,173,DECREASE,February 2021,January 2010
BRONX,May 2010,180,DECREASE,February 2021,January 2010
BRONX,June 2010,210,DECREASE,February 2021,January 2010
BRONX,July 2010,227,DECREASE,February 2021,January 2010
BRONX,August 2010,236,DECREASE,February 2021,January 2010
BRONX,September 2010,188,DECREASE,February 2021,January 2010
BRONX,October 2010,208,DECREASE,February 2021,January 2010
BRONX,November 2010,127,DECREASE,February 2021,January 2010
BRONX,December 2010,133,DECREASE,February 2021,January 2010
BRONX,January 2011,107,DECREASE,February 2021,January 2010
BRONX,February 2011,145,DECREASE,February 2021,January 2010
BRONX,March 2011,183,DECREASE,February 2021,January 2010
BRONX,April 2011,199,DECREASE,February 2021,January 2010
BRONX,May 2011,203,DECREASE,February 2021,January 2010
BRONX,June 2011,206,DECREASE,February 2021,January 2010
BRONX,July 2011,235,DECREASE,February 2021,January 2010
BRONX,August 2011,215,DECREASE,February 2021,January 2010
BRONX,September 2011,207,DECREASE,February 2021,January 2010
BRONX,October 2011,191,DECREASE,February 2021,January 2010
BRONX,November 2011,119,DECREASE,February 2021,January 2010
BRONX,December 2011,164,DECREASE,February 2021,January 2010
BRONX,January 2012,130,DECREASE,February 2021,January 2010
BRONX,February 2012,137,DECREASE,February 2021,January 2010
BRONX,March 2012,167,DECREASE,February 2021,January 2010
BRONX,April 2012,163,DECREASE,February 2021,January 2010
BRONX,May 2012,250,DECREASE,February 2021,January 2010
BRONX,June 2012,209,DECREASE,February 2021,January 2010
BRONX,July 2012,219,DECREASE,February 2021,January 2010
BRONX,August 2012,216,DECREASE,February 2021,January 2010
BRONX,September 2012,195,DECREASE,February 2021,January 2010
BRONX,October 2012,183,DECREASE,February 2021,January 2010
BRONX,November 2012,116,DECREASE,February 2021,January 2010
BRONX,December 2012,140,DECREASE,February 2021,January 2010
BRONX,January 2013,172,DECREASE,February 2021,January 2010
BRONX,February 2013,141,DECREASE,February 2021,January 2010
BRONX,March 2013,183,DECREASE,February 2021,January 2010
BRONX,April 2013,193,DECREASE,February 2021,January 2010
BRONX,May 2013,195,DECREASE,February 2021,January 2010
BRONX,June 2013,191,DECREASE,February 2021,January 2010
BRONX,July 2013,215,DECREASE,February 2021,January 2010
BRONX,August 2013,199,DECREASE,February 2021,January 2010
BRONX,September 2013,195,DECREASE,February 2021,January 2010
BRONX,October 2013,163,DECREASE,February 2021,January 2010
BRONX,November 2013,120,DECREASE,February 2021,January 2010
BRONX,December 2013,153,DECREASE,February 2021,January 2010
BRONX,January 2014,145,DECREASE,February 2021,January 2010
BRONX,February 2014,139,DECREASE,February 2021,January 2010
BRONX,March 2014,189,DECREASE,February 2021,January 2010
BRONX,April 2014,215,DECREASE,February 2021,January 2010
BRONX,May 2014,264,DECREASE,February 2021,January 2010
BRONX,June 2014,273,DECREASE,February 2021,January 2010
BRONX,July 2014,252,DECREASE,February 2021,January 2010
BRONX,August 2014,288,DECREASE,February 2021,January 2010
BRONX,September 2014,279,DECREASE,February 2021,January 2010
BRONX,October 2014,290,DECREASE,February 2021,January 2010
BRONX,November 2014,234,DECREASE,February 2021,January 2010
BRONX,December 2014,175,DECREASE,February 2021,January 2010
BRONX,January 2015,191,DECREASE,February 2021,January 2010
BRONX,February 2015,148,DECREASE,February 2021,January 2010
BRONX,March 2015,209,DECREASE,February 2021,January 2010
BRONX,April 2015,249,DECREASE,February 2021,January 2010
BRONX,May 2015,267,DECREASE,February 2021,January 2010
BRONX,June 2015,301,DECREASE,February 2021,January 2010
BRONX,July 2015,464,DECREASE,February 2021,January 2010
BRONX,August 2015,312,DECREASE,February 2021,January 2010
BRONX,September 2015,325,DECREASE,February 2021,January 2010
BRONX,October 2015,298,DECREASE,February 2021,January 2010
BRONX,November 2015,229,DECREASE,February 2021,January 2010
BRONX,December 2015,208,DECREASE,February 2021,January 2010
BRONX,January 2016,209,DECREASE,February 2021,January 2010
BRONX,February 2016,241,DECREASE,February 2021,January 2010
BRONX,March 2016,290,DECREASE,February 2021,January 2010
BRONX,April 2016,233,DECREASE,February 2021,January 2010
BRONX,May 2016,329,DECREASE,February 2021,January 2010
BRONX,June 2016,327,DECREASE,February 2021,January 2010
BRONX,July 2016,337,DECREASE,February 2021,January 2010
BRONX,August 2016,346,DECREASE,February 2021,January 2010
BRONX,September 2016,357,DECREASE,February 2021,January 2010
BRONX,October 2016,334,DECREASE,February 2021,January 2010
BRONX,November 2016,242,DECREASE,February 2021,January 2010
BRONX,December 2016,252,DECREASE,February 2021,January 2010
BRONX,January 2017,254,DECREASE,February 2021,January 2010
BRONX,February 2017,379,DECREASE,February 2021,January 2010
BRONX,March 2017,328,DECREASE,February 2021,January 2010
BRONX,April 2017,345,DECREASE,February 2021,January 2010
BRONX,May 2017,303,DECREASE,February 2021,January 2010
BRONX,June 2017,338,DECREASE,February 2021,January 2010
BRONX,July 2017,356,DECREASE,February 2021,January 2010
BRONX,August 2017,326,DECREASE,February 2021,January 2010
BRONX,September 2017,324,DECREASE,February 2021,January 2010
BRONX,October 2017,329,DECREASE,February 2021,January 2010
BRONX,November 2017,233,DECREASE,February 2021,January 2010
BRONX,December 2017,231,DECREASE,February 2021,January 2010
BRONX,January 2018,221,DECREASE,February 2021,January 2010
BRONX,February 2018,218,DECREASE,February 2021,January 2010
BRONX,March 2018,199,DECREASE,February 2021,January 2010
BRONX,April 2018,236,DECREASE,February 2021,January 2010
BRONX,May 2018,346,DECREASE,February 2021,January 2010
BRONX,June 2018,286,DECREASE,February 2021,January 2010
BRONX,July 2018,292,DECREASE,February 2021,January 2010
BRONX,August 2018,327,DECREASE,February 2021,January 2010
BRONX,September 2018,332,DECREASE,February 2021,January 2010
BRONX,October 2018,327,DECREASE,February 2021,January 2010
BRONX,November 2018,195,DECREASE,February 2021,January 2010
BRONX,December 2018,156,DECREASE,February 2021,January 2010
BRONX,January 2019,223,DECREASE,February 2021,January 2010
BRONX,February 2019,237,DECREASE,February 2021,January 2010
BRONX,March 2019,221,DECREASE,February 2021,January 2010
BRONX,April 2019,225,DECREASE,February 2021,January 2010
BRONX,May 2019,262,DECREASE,February 2021,January 2010
BRONX,June 2019,244,DECREASE,February 2021,January 2010
BRONX,July 2019,260,DECREASE,February 2021,January 2010
BRONX,August 2019,309,DECREASE,February 2021,January 2010
BRONX,September 2019,252,DECREASE,February 2021,January 2010
BRONX,October 2019,253,DECREASE,February 2021,January 2010
BRONX,November 2019,156,DECREASE,February 2021,January 2010
BRONX,December 2019,148,DECREASE,February 2021,January 2010
BRONX,January 2020,180,DECREASE,February 2021,January 2010
BRONX,February 2020,136,DECREASE,February 2021,January 2010
BRONX,March 2020,151,DECREASE,February 2021,January 2010
BRONX,April 2020,131,DECREASE,February 2021,January 2010
BRONX,May 2020,270,DECREASE,February 2021,January 2010
BRONX,June 2020,258,DECREASE,February 2021,January 2010
BRONX,July 2020,258,DECREASE,February 2021,January 2010
BRONX,August 2020,305,DECREASE,February 2021,January 2010
BRONX,September 2020,290,DECREASE,February 2021,January 2010
BRONX,October 2020,331,DECREASE,February 2021,January 2010
BRONX,November 2020,218,DECREASE,February 2021,January 2010
BRONX,December 2020,234,DECREASE,February 2021,January 2010
BRONX,January 2021,224,DECREASE,February 2021,January 2010
BRONX,February 2021,117,DECREASE,February 2021,January 2010
QUEENS,January 2010,73,INCREASE,February 2021,January 2010
QUEENS,February 2010,61,INCREASE,February 2021,January 2010
QUEENS,March 2010,105,INCREASE,February 2021,January 2010
QUEENS,April 2010,159,INCREASE,February 2021,January 2010
QUEENS,May 2010,143,INCREASE,February 2021,January 2010
QUEENS,June 2010,197,INCREASE,February 2021,January 2010
QUEENS,July 2010,210,INCREASE,February 2021,January 2010
QUEENS,August 2010,216,INCREASE,February 2021,January 2010
QUEENS,September 2010,155,INCREASE,February 2021,January 2010
QUEENS,October 2010,115,INCREASE,February 2021,January 2010
QUEENS,November 2010,81,INCREASE,February 2021,January 2010
QUEENS,December 2010,54,INCREASE,February 2021,January 2010
QUEENS,January 2011,50,INCREASE,February 2021,January 2010
QUEENS,February 2011,71,INCREASE,February 2021,January 2010
QUEENS,March 2011,101,INCREASE,February 2021,January 2010
QUEENS,April 2011,124,INCREASE,February 2021,January 2010
QUEENS,May 2011,174,INCREASE,February 2021,January 2010
QUEENS,June 2011,218,INCREASE,February 2021,January 2010
QUEENS,July 2011,170,INCREASE,February 2021,January 2010
QUEENS,August 2011,206,INCREASE,February 2021,January 2010
QUEENS,September 2011,178,INCREASE,February 2021,January 2010
QUEENS,October 2011,137,INCREASE,February 2021,January 2010
QUEENS,November 2011,98,INCREASE,February 2021,January 2010
QUEENS,December 2011,73,INCREASE,February 2021,January 2010
QUEENS,January 2012,83,INCREASE,February 2021,January 2010
QUEENS,February 2012,73,INCREASE,February 2021,January 2010
QUEENS,March 2012,117,INCREASE,February 2021,January 2010
QUEENS,April 2012,116,INCREASE,February 2021,January 2010
QUEENS,May 2012,144,INCREASE,February 2021,January 2010
QUEENS,June 2012,170,INCREASE,February 2021,January 2010
QUEENS,July 2012,173,INCREASE,February 2021,January 2010
QUEENS,August 2012,208,INCREASE,February 2021,January 2010
QUEENS,September 2012,174,INCREASE,February 2021,January 2010
QUEENS,October 2012,114,INCREASE,February 2021,January 2010
QUEENS,November 2012,69,INCREASE,February 2021,January 2010
QUEENS,December 2012,81,INCREASE,February 2021,January 2010
QUEENS,January 2013,78,INCREASE,February 2021,January 2010
QUEENS,February 2013,81,INCREASE,February 2021,January 2010
QUEENS,March 2013,102,INCREASE,February 2021,January 2010
QUEENS,April 2013,156,INCREASE,February 2021,January 2010
QUEENS,May 2013,246,INCREASE,February 2021,January 2010
QUEENS,June 2013,175,INCREASE,February 2021,January 2010
QUEENS,July 2013,214,INCREASE,February 2021,January 2010
QUEENS,August 2013,204,INCREASE,February 2021,January 2010
QUEENS,September 2013,156,INCREASE,February 2021,January 2010
QUEENS,October 2013,120,INCREASE,February 2021,January 2010
QUEENS,November 2013,76,INCREASE,February 2021,January 2010
QUEENS,December 2013,52,INCREASE,February 2021,January 2010
QUEENS,January 2014,63,INCREASE,February 2021,January 2010
QUEENS,February 2014,67,INCREASE,February 2021,January 2010
QUEENS,March 2014,113,INCREASE,February 2021,January 2010
QUEENS,April 2014,128,INCREASE,February 2021,January 2010
QUEENS,May 2014,153,INCREASE,February 2021,January 2010
QUEENS,June 2014,222,INCREASE,February 2021,January 2010
QUEENS,July 2014,223,INCREASE,February 2021,January 2010
QUEENS,August 2014,229,INCREASE,February 2021,January 2010
QUEENS,September 2014,195,INCREASE,February 2021,January 2010
QUEENS,October 2014,170,INCREASE,February 2021,January 2010
QUEENS,November 2014,97,INCREASE,February 2021,January 2010
QUEENS,December 2014,88,INCREASE,February 2021,January 2010
QUEENS,January 2015,86,INCREASE,February 2021,January 2010
QUEENS,February 2015,86,INCREASE,February 2021,January 2010
QUEENS,March 2015,162,INCREASE,February 2021,January 2010
QUEENS,April 2015,162,INCREASE,February 2021,January 2010
QUEENS,May 2015,200,INCREASE,February 2021,January 2010
QUEENS,June 2015,210,INCREASE,February 2021,January 2010
QUEENS,July 2015,292,INCREASE,February 2021,January 2010
QUEENS,August 2015,228,INCREASE,February 2021,January 2010
QUEENS,September 2015,220,INCREASE,February 2021,January 2010
QUEENS,October 2015,198,INCREASE,February 2021,January 2010
QUEENS,November 2015,135,INCREASE,February 2021,January 2010
QUEENS,December 2015,124,INCREASE,February 2021,January 2010
QUEENS,January 2016,123,INCREASE,February 2021,January 2010
QUEENS,February 2016,142,INCREASE,February 2021,January 2010
QUEENS,March 2016,167,INCREASE,February 2021,January 2010
QUEENS,April 2016,162,INCREASE,February 2021,January 2010
QUEENS,May 2016,254,INCREASE,February 2021,January 2010
QUEENS,June 2016,268,INCREASE,February 2021,January 2010
QUEENS,July 2016,248,INCREASE,February 2021,January 2010
QUEENS,August 2016,307,INCREASE,February 2021,January 2010
QUEENS,September 2016,261,INCREASE,February 2021,January 2010
QUEENS,October 2016,211,INCREASE,February 2021,January 2010
QUEENS,November 2016,143,INCREASE,February 2021,January 2010
QUEENS,December 2016,124,INCREASE,February 2021,January 2010
QUEENS,January 2017,181,INCREASE,February 2021,January 2010
QUEENS,February 2017,225,INCREASE,February 2021,January 2010
QUEENS,March 2017,210,INCREASE,February 2021,January 2010
QUEENS,April 2017,228,INCREASE,February 2021,January 2010
QUEENS,May 2017,220,INCREASE,February 2021,January 2010
QUEENS,June 2017,271,INCREASE,February 2021,January 2010
QUEENS,July 2017,383,INCREASE,February 2021,January 2010
QUEENS,August 2017,331,INCREASE,February 2021,January 2010
QUEENS,September 2017,272,INCREASE,February 2021,January 2010
QUEENS,October 2017,234,INCREASE,February 2021,January 2010
QUEENS,November 2017,165,INCREASE,February 2021,January 2010
QUEENS,December 2017,142,INCREASE,February 2021,January 2010
QUEENS,January 2018,125,INCREASE,February 2021,January 2010
QUEENS,February 2018,161,INCREASE,February 2021,January 2010
QUEENS,March 2018,159,INCREASE,February 2021,January 2010
QUEENS,April 2018,185,INCREASE,February 2021,January 2010
QUEENS,May 2018,306,INCREASE,February 2021,January 2010
QUEENS,June 2018,298,INCREASE,February 2021,January 2010
QUEENS,July 2018,278,INCREASE,February 2021,January 2010
QUEENS,August 2018,296,INCREASE,February 2021,January 2010
QUEENS,September 2018,233,INCREASE,February 2021,January 2010
QUEENS,October 2018,250,INCREASE,February 2021,January 2010
QUEENS,November 2018,157,INCREASE,February 2021,January 2010
QUEENS,December 2018,158,INCREASE,February 2021,January 2010
QUEENS,January 2019,147,INCREASE,February 2021,January 2010
QUEENS,February 2019,145,INCREASE,February 2021,January 2010
QUEENS,March 2019,182,INCREASE,February 2021,January 2010
QUEENS,April 2019,195,INCREASE,February 2021,January 2010
QUEENS,May 2019,232,INCREASE,February 2021,January 2010
QUEENS,June 2019,272,INCREASE,February 2021,January 2010
QUEENS,July 2019,308,INCREASE,February 2021,January 2010
QUEENS,August 2019,332,INCREASE,February 2021,January 2010
QUEENS,September 2019,275,INCREASE,February 2021,January 2010
QUEENS,October 2019,186,INCREASE,February 2021,January 2010
QUEENS,November 2019,133,INCREASE,February 2021,January 2010
QUEENS,December 2019,115,INCREASE,February 2021,January 2010
QUEENS,January 2020,146,INCREASE,February 2021,January 2010
QUEENS,February 2020,146,INCREASE,February 2021,January 2010
QUEENS,March 2020,156,INCREASE,February 2021,January 2010
QUEENS,April 2020,143,INCREASE,February 2021,January 2010
QUEENS,May 2020,272,INCREASE,February 2021,January 2010
QUEENS,June 2020,309,INCREASE,February 2021,January 2010
QUEENS,July 2020,341,INCREASE,February 2021,January 2010
QUEENS,August 2020,324,INCREASE,February 2021,January 2010
QUEENS,September 2020,265,INCREASE,February 2021,January 2010
QUEENS,October 2020,271,INCREASE,February 2021,January 2010
QUEENS,November 2020,194,INCREASE,February 2021,January 2010
QUEENS,December 2020,144,INCREASE,February 2021,January 2010
QUEENS,January 2021,158,INCREASE,February 2021,January 2010
QUEENS,February 2021,85,INCREASE,February 2021,January 2010
STATEN ISLAND,January 2010,33,DECREASE,February 2021,January 2010
STATEN ISLAND,February 2010,8,DECREASE,February 2021,January 2010
STATEN ISLAND,March 2010,27,DECREASE,February 2021,January 2010
STATEN ISLAND,April 2010,49,DECREASE,February 2021,January 2010
STATEN ISLAND,May 2010,94,DECREASE,February 2021,January 2010
STATEN ISLAND,June 2010,83,DECREASE,February 2021,January 2010
STATEN ISLAND,July 2010,101,DECREASE,February 2021,January 2010
STATEN ISLAND,August 2010,91,DECREASE,February 2021,January 2010
STATEN ISLAND,September 2010,65,DECREASE,February 2021,January 2010
STATEN ISLAND,October 2010,41,DECREASE,February 2021,January 2010
STATEN ISLAND,November 2010,27,DECREASE,February 2021,January 2010
STATEN ISLAND,December 2010,13,DECREASE,February 2021,January 2010
STATEN ISLAND,January 2011,14,DECREASE,February 2021,January 2010
STATEN ISLAND,February 2011,21,DECREASE,February 2021,January 2010
STATEN ISLAND,March 2011,50,DECREASE,February 2021,January 2010
STATEN ISLAND,April 2011,47,DECREASE,February 2021,January 2010
STATEN ISLAND,May 2011,61,DECREASE,February 2021,January 2010
STATEN ISLAND,June 2011,90,DECREASE,February 2021,January 2010
STATEN ISLAND,July 2011,59,DECREASE,February 2021,January 2010
STATEN ISLAND,August 2011,66,DECREASE,February 2021,January 2010
STATEN ISLAND,September 2011,64,DECREASE,February 2021,January 2010
STATEN ISLAND,October 2011,36,DECREASE,February 2021,January 2010
STATEN ISLAND,November 2011,28,DECREASE,February 2021,January 2010
STATEN ISLAND,December 2011,12,DECREASE,February 2021,January 2010
STATEN ISLAND,January 2012,19,DECREASE,February 2021,January 2010
STATEN ISLAND,February 2012,30,DECREASE,February 2021,January 2010
STATEN ISLAND,March 2012,37,DECREASE,February 2021,January 2010
STATEN ISLAND,April 2012,34,DECREASE,February 2021,January 2010
STATEN ISLAND,May 2012,64,DECREASE,February 2021,January 2010
STATEN ISLAND,June 2012,59,DECREASE,February 2021,January 2010
STATEN ISLAND,July 2012,79,DECREASE,February 2021,January 2010
STATEN ISLAND,August 2012,92,DECREASE,February 2021,January 2010
STATEN ISLAND,September 2012,53,DECREASE,February 2021,January 2010
STATEN ISLAND,October 2012,40,DECREASE,February 2021,January 2010
STATEN ISLAND,November 2012,11,DECREASE,February 2021,January 2010
STATEN ISLAND,December 2012,20,DECREASE,February 2021,January 2010
STATEN ISLAND,January 2013,30,DECREASE,February 2021,January 2010
STATEN ISLAND,February 2013,35,DECREASE,February 2021,January 2010
STATEN ISLAND,March 2013,58,DECREASE,February 2021,January 2010
STATEN ISLAND,April 2013,74,DECREASE,February 2021,January 2010
STATEN ISLAND,May 2013,71,DECREASE,February 2021,January 2010
STATEN ISLAND,June 2013,69,DECREASE,February 2021,January 2010
STATEN ISLAND,July 2013,73,DECREASE,February 2021,January 2010
STATEN ISLAND,August 2013,73,DECREASE,February 2021,January 2010
STATEN ISLAND,September 2013,60,DECREASE,February 2021,January 2010
STATEN ISLAND,October 2013,60,DECREASE,February 2021,January 2010
STATEN ISLAND,November 2013,27,DECREASE,February 2021,January 2010
STATEN ISLAND,December 2013,11,DECREASE,February 2021,January 2010
STATEN ISLAND,January 2014,9,DECREASE,February 2021,January 2010
STATEN ISLAND,February 2014,17,DECREASE,February 2021,January 2010
STATEN ISLAND,March 2014,43,DECREASE,February 2021,January 2010
STATEN ISLAND,April 2014,54,DECREASE,February 2021,January 2010
STATEN ISLAND,May 2014,87,DECREASE,February 2021,January 2010
STATEN ISLAND,June 2014,88,DECREASE,February 2021,January 2010
STATEN ISLAND,July 2014,72,DECREASE,February 2021,January 2010
STATEN ISLAND,August 2014,91,DECREASE,February 2021,January 2010
STATEN ISLAND,September 2014,54,DECREASE,February 2021,January 2010
STATEN ISLAND,October 2014,61,DECREASE,February 2021,January 2010
STATEN ISLAND,November 2014,15,DECREASE,February 2021,January 2010
STATEN ISLAND,December 2014,26,DECREASE,February 2021,January 2010
STATEN ISLAND,January 2015,14,DECREASE,February 2021,January 2010
STATEN ISLAND,February 2015,19,DECREASE,February 2021,January 2010
STATEN ISLAND,March 2015,43,DECREASE,February 2021,January 2010
STATEN ISLAND,April 2015,56,DECREASE,February 2021,January 2010
STATEN ISLAND,May 2015,54,DECREASE,February 2021,January 2010
STATEN ISLAND,June 2015,76,DECREASE,February 2021,January 2010
STATEN ISLAND,July 2015,94,DECREASE,February 2021,January 2010
STATEN ISLAND,August 2015,73,DECREASE,February 2021,January 2010
STATEN ISLAND,September 2015,63,DECREASE,February 2021,January 2010
STATEN ISLAND,October 2015,50,DECREASE,February 2021,January 2010
STATEN ISLAND,November 2015,27,DECREASE,February 2021,January 2010
STATEN ISLAND,December 2015,25,DECREASE,February 2021,January 2010
STATEN ISLAND,January 2016,23,DECREASE,February 2021,January 2010
STATEN ISLAND,February 2016,19,DECREASE,February 2021,January 2010
STATEN ISLAND,March 2016,48,DECREASE,February 2021,January 2010
STATEN ISLAND,April 2016,52,DECREASE,February 2021,January 2010
STATEN ISLAND,May 2016,81,DECREASE,February 2021,January 2010
STATEN ISLAND,June 2016,102,DECREASE,February 2021,January 2010
STATEN ISLAND,July 2016,115,DECREASE,February 2021,January 2010
STATEN ISLAND,August 2016,104,DECREASE,February 2021,January 2010
STATEN ISLAND,September 2016,73,DECREASE,February 2021,January 2010
STATEN ISLAND,October 2016,59,DECREASE,February 2021,January 2010
STATEN ISLAND,November 2016,29,DECREASE,February 2021,January 2010
STATEN ISLAND,December 2016,29,DECREASE,February 2021,January 2010
STATEN ISLAND,January 2017,34,DECREASE,February 2021,January 2010
STATEN ISLAND,February 2017,37,DECREASE,February 2021,January 2010
STATEN ISLAND,March 2017,36,DECREASE,February 2021,January 2010
STATEN ISLAND,April 2017,49,DECREASE,February 2021,January 2010
STATEN ISLAND,May 2017,81,DECREASE,February 2021,January 2010
STATEN ISLAND,June 2017,127,DECREASE,February 2021,January 2010
STATEN ISLAND,July 2017,115,DECREASE,February 2021,January 2010
STATEN ISLAND,August 2017,100,DECREASE,February 2021,January 2010
STATEN ISLAND,September 2017,72,DECREASE,February 2021,January 2010
STATEN ISLAND,October 2017,65,DECREASE,February 2021,January 2010
STATEN ISLAND,November 2017,38,DECREASE,February 2021,January 2010
STATEN ISLAND,December 2017,30,DECREASE,February 2021,January 2010
STATEN ISLAND,January 2018,30,DECREASE,February 2021,January 2010
STATEN ISLAND,February 2018,36,DECREASE,February 2021,January 2010
STATEN ISLAND,March 2018,49,DECREASE,February 2021,January 2010
STATEN ISLAND,April 2018,50,DECREASE,February 2021,January 2010
STATEN ISLAND,May 2018,92,DECREASE,February 2021,January 2010
STATEN ISLAND,June 2018,100,DECREASE,February 2021,January 2010
STATEN ISLAND,July 2018,99,DECREASE,February 2021,January 2010
STATEN ISLAND,August 2018,99,DECREASE,February 2021,January 2010
STATEN ISLAND,September 2018,74,DECREASE,February 2021,January 2010
STATEN ISLAND,October 2018,61,DECREASE,February 2021,January 2010
STATEN ISLAND,November 2018,25,DECREASE,February 2021,January 2010
STATEN ISLAND,December 2018,30,DECREASE,February 2021,January 2010
STATEN ISLAND,January 2019,29,DECREASE,February 2021,January 2010
STATEN ISLAND,February 2019,38,DECREASE,February 2021,January 2010
STATEN ISLAND,March 2019,28,DECREASE,February 2021,January 2010
STATEN ISLAND,April 2019,45,DECREASE,February 2021,January 2010
STATEN ISLAND,May 2019,63,DECREASE,February 2021,January 2010
STATEN ISLAND,June 2019,140,DECREASE,February 2021,January 2010
STATEN ISLAND,July 2019,101,DECREASE,February 2021,January 2010
STATEN ISLAND,August 2019,95,DECREASE,February 2021,January 2010
STATEN ISLAND,September 2019,74,DECREASE,February 2021,January 2010
STATEN ISLAND,October 2019,66,DECREASE,February 2021,January 2010
STATEN ISLAND,November 2019,44,DECREASE,February 2021,January 2010
STATEN ISLAND,December 2019,37,DECREASE,February 2021,January 2010
STATEN ISLAND,January 2020,32,DECREASE,February 2021,January 2010
STATEN ISLAND,February 2020,41,DECREASE,February 2021,January 2010
STATEN ISLAND,March 2020,33,DECREASE,February 2021,January 2010
STATEN ISLAND,April 2020,23,DECREASE,February 2021,January 2010
STATEN ISLAND,May 2020,70,DECREASE,February 2021,January 2010
STATEN ISLAND,June 2020,80,DECREASE,February 2021,January 2010
STATEN ISLAND,July 2020,74,DECREASE,February 2021,January 2010
STATEN ISLAND,August 2020,92,DECREASE,February 2021,January 2010
STATEN ISLAND,September 2020,62,DECREASE,February 2021,January 2010
STATEN ISLAND,October 2020,45,DECREASE,February 2021,January 2010
STATEN ISLAND,November 2020,27,DECREASE,February 2021,January 2010
STATEN ISLAND,December 2020,35,DECREASE,February 2021,January 2010
STATEN ISLAND,January 2021,33,DECREASE,February 2021,January 2010
STATEN ISLAND,February 2021,17,DECREASE,February 2021,January 2010
