DD Level,Display Player ID,Measure Names,Player ID Arrow,player_id,Season to Display,Measure Values
1,2282,Carries,▶,2282,,595
1,2282,yards,▶,2282,,"2,320"
1,2282,Avg YPC,▶,2282,,3.899159664
1,2282,TDs,▶,2282,,5
1,4976,Carries,▶,4976,,580
1,4976,yards,▶,4976,,"2,291"
1,4976,Avg YPC,▶,4976,,3.95
1,4976,TDs,▶,4976,,13
1,6180,Carries,▶,6180,,623
1,6180,yards,▶,6180,,"2,955"
1,6180,Avg YPC,▶,6180,,4.743178170
1,6180,TDs,▶,6180,,28
1,7829,Carries,▶,7829,,598
1,7829,yards,▶,7829,,"2,209"
1,7829,Avg YPC,▶,7829,,3.693979933
1,7829,TDs,▶,7829,,12
1,7962,Carries,▶,7962,,546
1,7962,yards,▶,7962,,"2,241"
1,7962,Avg YPC,▶,7962,,4.104395604
1,7962,TDs,▶,7962,,20
1,9506,Carries,▶,9506,,527
1,9506,yards,▶,9506,,"2,316"
1,9506,Avg YPC,▶,9506,,4.394686907
1,9506,TDs,▶,9506,,17
1,11822,Carries,▶,11822,,558
1,11822,yards,▶,11822,,"2,695"
1,11822,Avg YPC,▶,11822,,4.829749104
1,11822,TDs,▶,11822,,29
1,11898,Carries,▶,11898,,595
1,11898,yards,▶,11898,,"2,646"
1,11898,Avg YPC,▶,11898,,4.447058824
1,11898,TDs,▶,11898,,21
1,12004,Carries,▶,12004,,610
1,12004,yards,▶,12004,,"2,695"
1,12004,Avg YPC,▶,12004,,4.418032787
1,12004,TDs,▶,12004,,16
1,27589,Carries,▶,27589,,558
1,27589,yards,▶,27589,,"2,321"
1,27589,Avg YPC,▶,27589,,4.159498208
1,27589,TDs,▶,27589,,19
